# Blender 5.0.1
# www.blender.org
mtllib Untitled.mtl
o Plane
v -5.432709 0.000000 5.432709
v 5.432709 0.000000 5.432709
v -5.432709 0.000000 -5.432709
v 5.432709 0.000000 -5.432709
vn -0.0000 1.0000 -0.0000
vt 0.000000 0.000000
vt 1.000000 0.000000
vt 1.000000 1.000000
vt 0.000000 1.000000
s 0
f 1/1/1 2/2/1 4/3/1 3/4/1
o Cube
v -1.518563 0.431662 4.182205
v -1.518563 2.431662 4.182205
v -1.518563 0.431662 2.182205
v -1.518563 2.431662 2.182205
v 0.481437 0.431662 4.182205
v 0.481437 2.431662 4.182205
v 0.481437 0.431662 2.182205
v 0.481437 2.431662 2.182205
vn -1.0000 -0.0000 -0.0000
vn -0.0000 -0.0000 -1.0000
vn 1.0000 -0.0000 -0.0000
vn -0.0000 -0.0000 1.0000
vn -0.0000 -1.0000 -0.0000
vn -0.0000 1.0000 -0.0000
vt 0.375000 0.000000
vt 0.625000 0.000000
vt 0.625000 0.250000
vt 0.375000 0.250000
vt 0.625000 0.500000
vt 0.375000 0.500000
vt 0.625000 0.750000
vt 0.375000 0.750000
vt 0.625000 1.000000
vt 0.375000 1.000000
vt 0.125000 0.500000
vt 0.125000 0.750000
vt 0.875000 0.500000
vt 0.875000 0.750000
s 0
f 5/5/2 6/6/2 8/7/2 7/8/2
f 7/8/3 8/7/3 12/9/3 11/10/3
f 11/10/4 12/9/4 10/11/4 9/12/4
f 9/12/5 10/11/5 6/13/5 5/14/5
f 7/15/6 11/10/6 9/12/6 5/16/6
f 12/9/7 8/17/7 6/18/7 10/11/7
o Cube.001
v 0.507432 0.382297 -2.374719
v 0.507432 2.382297 -2.374719
v 0.507432 0.382297 -4.374720
v 0.507432 2.382297 -4.374720
v 2.507432 0.382297 -2.374719
v 2.507432 2.382297 -2.374719
v 2.507432 0.382297 -4.374720
v 2.507432 2.382297 -4.374720
vn -1.0000 -0.0000 -0.0000
vn -0.0000 -0.0000 -1.0000
vn 1.0000 -0.0000 -0.0000
vn -0.0000 -0.0000 1.0000
vn -0.0000 -1.0000 -0.0000
vn -0.0000 1.0000 -0.0000
vt 0.375000 0.000000
vt 0.625000 0.000000
vt 0.625000 0.250000
vt 0.375000 0.250000
vt 0.625000 0.500000
vt 0.375000 0.500000
vt 0.625000 0.750000
vt 0.375000 0.750000
vt 0.625000 1.000000
vt 0.375000 1.000000
vt 0.125000 0.500000
vt 0.125000 0.750000
vt 0.875000 0.500000
vt 0.875000 0.750000
s 0
f 13/19/8 14/20/8 16/21/8 15/22/8
f 15/22/9 16/21/9 20/23/9 19/24/9
f 19/24/10 20/23/10 18/25/10 17/26/10
f 17/26/11 18/25/11 14/27/11 13/28/11
f 15/29/12 19/24/12 17/26/12 13/30/12
f 20/23/13 16/31/13 14/32/13 18/25/13
o Icosphere
v -3.108593 0.480118 -1.122442
v -2.384986 1.032899 -0.596717
v -3.384981 1.032899 -0.271793
v -4.003020 1.032903 -1.122442
v -3.384981 1.032899 -1.973091
v -2.384986 1.032899 -1.648167
v -2.832206 1.927338 -0.271793
v -3.832201 1.927338 -0.596717
v -3.832201 1.927338 -1.648167
v -2.832206 1.927338 -1.973091
v -2.214167 1.927334 -1.122442
v -3.108593 2.480118 -1.122442
v -3.366530 0.929433 -0.328582
v -3.341415 0.822599 -0.405879
v -3.309282 0.719715 -0.504776
v -3.271049 0.629464 -0.622447
v -3.229006 0.559164 -0.751844
v -3.186200 0.512169 -0.883589
v -3.145441 0.487253 -1.009035
v -3.012123 0.487253 -1.052353
v -2.905412 0.512169 -0.974824
v -2.793343 0.559164 -0.893402
v -2.683271 0.629464 -0.813431
v -2.583174 0.719716 -0.740707
v -2.499047 0.822600 -0.679586
v -2.433294 0.929433 -0.631814
v -2.470141 1.003131 -0.518405
v -2.576653 0.977817 -0.440730
v -2.703585 0.960546 -0.370104
v -2.845725 0.954381 -0.313430
v -2.994030 0.960546 -0.275731
v -3.138233 0.977816 -0.258258
v -3.270059 1.003131 -0.258491
v -2.336822 1.003132 -1.542981
v -2.295864 0.977818 -1.417680
v -2.267921 0.960548 -1.275136
v -2.257946 0.954382 -1.122442
v -2.267921 0.960548 -0.969748
v -2.295864 0.977818 -0.827204
v -2.336822 1.003132 -0.701904
v -3.012123 0.487253 -1.192531
v -2.905412 0.512169 -1.270060
v -2.793343 0.559164 -1.351483
v -2.683271 0.629464 -1.431453
v -2.583174 0.719716 -1.504177
v -2.499047 0.822600 -1.565299
v -2.433294 0.929433 -1.613070
v -3.943309 0.929438 -1.122442
v -3.862035 0.822604 -1.122442
v -3.758049 0.719719 -1.122442
v -3.634323 0.629467 -1.122442
v -3.498267 0.559165 -1.122442
v -3.359740 0.512169 -1.122442
v -3.227839 0.487254 -1.122442
v -3.485776 1.003131 -0.328581
v -3.592565 0.977817 -0.405878
v -3.698959 0.960547 -0.504774
v -3.796783 0.954382 -0.622445
v -3.878466 0.960548 -0.751843
v -3.939644 0.977820 -0.883589
v -3.980158 1.003135 -1.009034
v -3.366530 0.929433 -1.916303
v -3.341415 0.822599 -1.839005
v -3.309282 0.719715 -1.740108
v -3.271049 0.629464 -1.622437
v -3.229006 0.559164 -1.493040
v -3.186200 0.512169 -1.361295
v -3.145441 0.487253 -1.235850
v -3.980158 1.003135 -1.235850
v -3.939644 0.977820 -1.361296
v -3.878465 0.960548 -1.493042
v -3.796783 0.954382 -1.622439
v -3.698959 0.960547 -1.740110
v -3.592565 0.977817 -1.839007
v -3.485776 1.003131 -1.916303
v -3.270059 1.003131 -1.986393
v -3.138233 0.977816 -1.986626
v -2.994030 0.960546 -1.969153
v -2.845725 0.954381 -1.931454
v -2.703585 0.960546 -1.874780
v -2.576653 0.977817 -1.804155
v -2.470141 1.003131 -1.726480
v -2.177406 1.837856 -1.052353
v -2.151968 1.731268 -0.974824
v -2.143882 1.610011 -0.893401
v -2.157536 1.480118 -0.813429
v -2.193495 1.350225 -0.740705
v -2.247896 1.228968 -0.679585
v -2.314046 1.122378 -0.631813
v -2.314046 1.122378 -1.613071
v -2.247896 1.228968 -1.565300
v -2.193495 1.350225 -1.504179
v -2.157536 1.480118 -1.431455
v -2.143882 1.610011 -1.351483
v -2.151968 1.731268 -1.270060
v -2.177406 1.837856 -1.192531
v -2.887505 1.837860 -0.215171
v -2.953378 1.731270 -0.167020
v -3.028317 1.610012 -0.134169
v -3.108593 1.480118 -0.122442
v -3.188869 1.350225 -0.134169
v -3.263808 1.228967 -0.167020
v -3.329682 1.122377 -0.215171
v -2.396443 1.122377 -0.518403
v -2.421435 1.228966 -0.440727
v -2.462754 1.350224 -0.370100
v -2.520808 1.480118 -0.313425
v -2.592648 1.610012 -0.275726
v -2.672587 1.731270 -0.258254
v -2.754184 1.837860 -0.258489
v -3.903141 1.837859 -0.631813
v -3.969291 1.731269 -0.679585
v -4.023692 1.610011 -0.740705
v -4.059651 1.480118 -0.813430
v -4.073305 1.350226 -0.893401
v -4.065219 1.228969 -0.974824
v -4.039782 1.122380 -1.052353
v -3.463003 1.122377 -0.258489
v -3.544600 1.228966 -0.258254
v -3.624539 1.350224 -0.275726
v -3.696379 1.480118 -0.313425
v -3.754433 1.610012 -0.370100
v -3.795752 1.731270 -0.440727
v -3.820744 1.837860 -0.518403
v -3.820744 1.837860 -1.726481
v -3.795752 1.731270 -1.804157
v -3.754433 1.610012 -1.874785
v -3.696379 1.480118 -1.931459
v -3.624539 1.350224 -1.969158
v -3.544600 1.228966 -1.986630
v -3.463003 1.122377 -1.986395
v -4.039782 1.122380 -1.192531
v -4.065219 1.228969 -1.270061
v -4.073305 1.350226 -1.351483
v -4.059651 1.480118 -1.431455
v -4.023692 1.610011 -1.504179
v -3.969291 1.731269 -1.565300
v -3.903141 1.837859 -1.613071
v -2.754184 1.837860 -1.986395
v -2.672587 1.731270 -1.986630
v -2.592648 1.610012 -1.969158
v -2.520808 1.480118 -1.931459
v -2.462754 1.350224 -1.874784
v -2.421435 1.228966 -1.804157
v -2.396443 1.122377 -1.726481
v -3.329682 1.122377 -2.029713
v -3.263808 1.228967 -2.077864
v -3.188869 1.350225 -2.110715
v -3.108593 1.480118 -2.122442
v -3.028317 1.610012 -2.110715
v -2.953378 1.731270 -2.077864
v -2.887505 1.837860 -2.029713
v -2.237029 1.957102 -1.009034
v -2.277543 1.982417 -0.883589
v -2.338722 1.999689 -0.751843
v -2.420404 2.005855 -0.622445
v -2.518228 1.999690 -0.504774
v -2.624622 1.982420 -0.405878
v -2.731411 1.957106 -0.328581
v -2.947128 1.957106 -0.258491
v -3.078954 1.982420 -0.258258
v -3.223157 1.999691 -0.275731
v -3.371462 2.005856 -0.313430
v -3.513602 1.999691 -0.370104
v -3.640534 1.982420 -0.440730
v -3.747046 1.957106 -0.518405
v -3.880365 1.957105 -0.701904
v -3.921323 1.982419 -0.827204
v -3.949266 1.999689 -0.969748
v -3.959241 2.005854 -1.122442
v -3.949266 1.999689 -1.275136
v -3.921323 1.982419 -1.417680
v -3.880365 1.957105 -1.542981
v -3.747046 1.957106 -1.726480
v -3.640534 1.982420 -1.804155
v -3.513602 1.999691 -1.874780
v -3.371462 2.005856 -1.931454
v -3.223157 1.999691 -1.969153
v -3.078954 1.982420 -1.986626
v -2.947128 1.957106 -1.986393
v -2.731411 1.957106 -1.916303
v -2.624622 1.982420 -1.839007
v -2.518228 1.999690 -1.740110
v -2.420404 2.005855 -1.622439
v -2.338721 1.999689 -1.493042
v -2.277543 1.982417 -1.361295
v -2.237029 1.957102 -1.235850
v -3.071746 2.472983 -1.009035
v -3.030987 2.448068 -0.883589
v -2.988181 2.401073 -0.751844
v -2.946138 2.330773 -0.622447
v -2.907905 2.240521 -0.504776
v -2.875772 2.137638 -0.405879
v -2.850657 2.030804 -0.328582
v -2.273878 2.030799 -1.122442
v -2.355152 2.137633 -1.122442
v -2.459137 2.240518 -1.122442
v -2.582864 2.330770 -1.122442
v -2.718920 2.401072 -1.122442
v -2.857446 2.448067 -1.122442
v -2.989348 2.472983 -1.122442
v -3.205064 2.472983 -1.052353
v -3.311774 2.448068 -0.974824
v -3.423844 2.401073 -0.893402
v -3.533916 2.330773 -0.813431
v -3.634013 2.240521 -0.740707
v -3.718140 2.137637 -0.679586
v -3.783893 2.030803 -0.631814
v -3.205064 2.472983 -1.192531
v -3.311774 2.448068 -1.270060
v -3.423844 2.401073 -1.351483
v -3.533916 2.330773 -1.431453
v -3.634013 2.240521 -1.504177
v -3.718140 2.137637 -1.565299
v -3.783893 2.030803 -1.613070
v -3.071746 2.472983 -1.235850
v -3.030987 2.448068 -1.361295
v -2.988181 2.401073 -1.493040
v -2.946138 2.330773 -1.622437
v -2.907905 2.240521 -1.740108
v -2.875772 2.137638 -1.839005
v -2.850657 2.030804 -1.916303
v -2.942396 2.458790 -1.243191
v -2.801426 2.423326 -1.248960
v -2.893349 2.423327 -1.375478
v -2.657219 2.362972 -1.252173
v -2.746793 2.374547 -1.385305
v -2.845732 2.362974 -1.511634
v -2.520811 2.278668 -1.252173
v -2.601865 2.300030 -1.388845
v -2.698643 2.300031 -1.522046
v -2.803580 2.278670 -1.641366
v -2.402336 2.176676 -1.248961
v -2.470400 2.203728 -1.385306
v -2.558585 2.213472 -1.522047
v -2.661384 2.203730 -1.648170
v -2.770025 2.176680 -1.755035
v -2.307572 2.066449 -1.243192
v -2.361228 2.094460 -1.375480
v -2.436507 2.110060 -1.511636
v -2.530763 2.110061 -1.641368
v -2.636994 2.094462 -1.755037
v -2.746228 2.066453 -1.846944
v -3.172076 2.458790 -1.317818
v -3.134001 2.423327 -1.453669
v -3.282732 2.423327 -1.405343
v -3.092495 2.362974 -1.591811
v -3.246791 2.374548 -1.547762
v -3.397509 2.362974 -1.492704
v -3.050344 2.278670 -1.721543
v -3.205373 2.300032 -1.686690
v -3.361960 2.300032 -1.635811
v -3.507866 2.278670 -1.572882
v -3.010679 2.176680 -1.833227
v -3.161383 2.203731 -1.810627
v -3.318681 2.213473 -1.769013
v -3.470397 2.203731 -1.710221
v -3.605603 2.176680 -1.639921
v -2.975909 2.066453 -1.921571
v -3.118302 2.094463 -1.911420
v -3.271056 2.110062 -1.881900
v -3.423564 2.110062 -1.832346
v -3.564496 2.094463 -1.766440
v -3.685660 2.066453 -1.690955
v -3.314025 2.458790 -1.122442
v -3.431462 2.423327 -1.200634
v -3.431462 2.423327 -1.044250
v -3.550016 2.362973 -1.282796
v -3.555803 2.374547 -1.122442
v -3.550016 2.362973 -0.962088
v -3.660373 2.278670 -1.362974
v -3.675133 2.300031 -1.204764
v -3.675133 2.300031 -1.040120
v -3.660373 2.278670 -0.881910
v -3.754333 2.176679 -1.435210
v -3.779410 2.203729 -1.284899
v -3.788441 2.213471 -1.122442
v -3.779410 2.203729 -0.959985
v -3.754333 2.176679 -0.809674
v -3.827609 2.066452 -1.495577
v -3.861957 2.094462 -1.357018
v -3.881086 2.110061 -1.202620
v -3.881086 2.110061 -1.042265
v -3.861957 2.094462 -0.887866
v -3.827609 2.066452 -0.749307
v -3.172076 2.458790 -0.927066
v -3.282732 2.423327 -0.839541
v -3.134001 2.423327 -0.791215
v -3.397509 2.362974 -0.752180
v -3.246791 2.374548 -0.697123
v -3.092495 2.362974 -0.653073
v -3.507866 2.278670 -0.672002
v -3.361959 2.300032 -0.609073
v -3.205373 2.300032 -0.558194
v -3.050344 2.278670 -0.523342
v -3.605603 2.176680 -0.604963
v -3.470397 2.203731 -0.534664
v -3.318681 2.213473 -0.475871
v -3.161383 2.203731 -0.434257
v -3.010679 2.176680 -0.411657
v -3.685660 2.066453 -0.553929
v -3.564496 2.094463 -0.478444
v -3.423564 2.110062 -0.412538
v -3.271056 2.110062 -0.362984
v -3.118302 2.094463 -0.333464
v -2.975909 2.066453 -0.323313
v -2.942396 2.458790 -1.001693
v -2.893349 2.423327 -0.869406
v -2.801426 2.423326 -0.995924
v -2.845732 2.362974 -0.733250
v -2.746793 2.374547 -0.859579
v -2.657219 2.362972 -0.992711
v -2.803580 2.278670 -0.603518
v -2.698643 2.300031 -0.722838
v -2.601865 2.300030 -0.856040
v -2.520811 2.278668 -0.992711
v -2.770025 2.176680 -0.489849
v -2.661384 2.203730 -0.596714
v -2.558585 2.213472 -0.722837
v -2.470400 2.203728 -0.859578
v -2.402336 2.176676 -0.995924
v -2.746228 2.066453 -0.397940
v -2.636994 2.094462 -0.489848
v -2.530763 2.110061 -0.603516
v -2.436507 2.110060 -0.733248
v -2.361228 2.094460 -0.869404
v -2.307572 2.066449 -1.001692
v -2.204854 1.861016 -1.317819
v -2.187086 1.746181 -1.405344
v -2.253602 1.879213 -1.453671
v -2.189737 1.616528 -1.492706
v -2.246789 1.756515 -1.547764
v -2.326147 1.889347 -1.591813
v -2.215788 1.480118 -1.572885
v -2.261934 1.620177 -1.635814
v -2.331963 1.760237 -1.686693
v -2.420403 1.889348 -1.721546
v -2.263303 1.347086 -1.639923
v -2.299574 1.480118 -1.710224
v -2.358711 1.620178 -1.769018
v -2.437773 1.756516 -1.810631
v -2.529367 1.879215 -1.833230
v -2.326092 1.226185 -1.690957
v -2.355225 1.347086 -1.766444
v -2.404300 1.480118 -1.832351
v -2.472505 1.616529 -1.881905
v -2.554774 1.746183 -1.911424
v -2.643509 1.861019 -1.921574
v -3.015142 1.861018 -2.042324
v -3.092894 1.746183 -2.086270
v -3.159410 1.879215 -2.037942
v -3.176798 1.616529 -2.110744
v -3.246792 1.756516 -2.073497
v -3.313209 1.889349 -2.011635
v -3.261102 1.480118 -2.110744
v -3.335212 1.620177 -2.086303
v -3.405241 1.760237 -2.035423
v -3.465717 1.889349 -1.962081
v -3.339541 1.347086 -2.086271
v -3.417610 1.480118 -2.073499
v -3.491800 1.620178 -2.035424
v -3.555809 1.756516 -1.973091
v -3.605605 1.879215 -1.892962
v -3.407479 1.226184 -2.042325
v -3.488274 1.347085 -2.037945
v -3.566120 1.480118 -2.011638
v -3.634326 1.616529 -1.962084
v -3.687822 1.746183 -1.892964
v -3.724895 1.861019 -1.811708
v -3.954576 1.861017 -1.495578
v -4.020397 1.746182 -1.435211
v -3.994989 1.879213 -1.357019
v -4.069602 1.616528 -1.362975
v -4.055807 1.756514 -1.284900
v -4.017496 1.889347 -1.202620
v -4.095653 1.480119 -1.282797
v -4.095309 1.620177 -1.204764
v -4.068559 1.760236 -1.122442
v -4.017496 1.889347 -1.042264
v -4.096616 1.347087 -1.200634
v -4.108593 1.480119 -1.122442
v -4.095308 1.620178 -1.040119
v -4.055806 1.756515 -0.959984
v -3.994989 1.879214 -0.887865
v -4.075816 1.226188 -1.122442
v -4.096616 1.347088 -1.044249
v -4.095653 1.480120 -0.962086
v -4.069601 1.616529 -0.881908
v -4.020397 1.746183 -0.809673
v -3.954575 1.861018 -0.749306
v -3.724895 1.861018 -0.433177
v -3.687823 1.746183 -0.351921
v -3.605606 1.879215 -0.351922
v -3.634326 1.616528 -0.282801
v -3.555809 1.756515 -0.271794
v -3.465718 1.889348 -0.282803
v -3.566121 1.480118 -0.233247
v -3.491801 1.620177 -0.209461
v -3.405242 1.760236 -0.209462
v -3.313209 1.889348 -0.233250
v -3.488274 1.347085 -0.206940
v -3.417611 1.480118 -0.171386
v -3.335212 1.620177 -0.158581
v -3.246793 1.756515 -0.171387
v -3.159410 1.879215 -0.206942
v -3.407479 1.226184 -0.202559
v -3.339542 1.347085 -0.158614
v -3.261103 1.480118 -0.134140
v -3.176799 1.616528 -0.134140
v -3.092894 1.746183 -0.158615
v -3.015143 1.861018 -0.202560
v -2.643509 1.861018 -0.323311
v -2.554774 1.746183 -0.333459
v -2.529367 1.879214 -0.411654
v -2.472506 1.616528 -0.362979
v -2.437773 1.756515 -0.434252
v -2.420403 1.889347 -0.523338
v -2.404300 1.480117 -0.412533
v -2.358712 1.620176 -0.475866
v -2.331964 1.760235 -0.558190
v -2.326147 1.889346 -0.653070
v -2.355226 1.347085 -0.478440
v -2.299575 1.480116 -0.534659
v -2.261934 1.620175 -0.609069
v -2.246789 1.756513 -0.697119
v -2.253601 1.879212 -0.791213
v -2.326092 1.226184 -0.553927
v -2.263304 1.347084 -0.604960
v -2.215789 1.480116 -0.671998
v -2.189737 1.616526 -0.752176
v -2.187085 1.746180 -0.839538
v -2.204854 1.861015 -0.927065
v -2.809708 1.734052 -2.042325
v -2.728913 1.613151 -2.037945
v -2.877645 1.613151 -2.086271
v -2.651066 1.480118 -2.011638
v -2.799576 1.480118 -2.073498
v -2.956084 1.480118 -2.110744
v -2.582861 1.343708 -1.962084
v -2.725386 1.340059 -2.035424
v -2.881975 1.340059 -2.086303
v -3.040388 1.343708 -2.110744
v -2.529364 1.214053 -1.892963
v -2.661378 1.203721 -1.973090
v -2.811945 1.199999 -2.035423
v -2.970394 1.203721 -2.073497
v -3.124293 1.214054 -2.086269
v -2.492291 1.099218 -1.811708
v -2.611581 1.081022 -1.892962
v -2.751470 1.070888 -1.962081
v -2.903978 1.070888 -2.011634
v -3.057777 1.081022 -2.037942
v -3.202044 1.099218 -2.042324
v -3.891095 1.734052 -1.690957
v -3.861961 1.613151 -1.766444
v -3.953883 1.613151 -1.639924
v -3.812886 1.480118 -1.832352
v -3.917612 1.480118 -1.710225
v -4.001398 1.480118 -1.572886
v -3.744681 1.343708 -1.881906
v -3.858474 1.340059 -1.769019
v -3.955252 1.340059 -1.635816
v -4.027449 1.343709 -1.492707
v -3.662412 1.214054 -1.911425
v -3.779413 1.203721 -1.810633
v -3.885222 1.200000 -1.686696
v -3.970397 1.203722 -1.547766
v -4.030101 1.214055 -1.405346
v -3.573677 1.099218 -1.921574
v -3.687818 1.081022 -1.833231
v -3.796782 1.070889 -1.721548
v -3.891038 1.070889 -1.591816
v -3.963584 1.081024 -1.453673
v -4.012333 1.099221 -1.317820
v -3.891095 1.734052 -0.553927
v -3.953883 1.613151 -0.604960
v -3.861961 1.613151 -0.478440
v -4.001398 1.480118 -0.671999
v -3.917612 1.480118 -0.534659
v -3.812886 1.480118 -0.412533
v -4.027449 1.343709 -0.752177
v -3.955252 1.340059 -0.609068
v -3.858474 1.340059 -0.475865
v -3.744681 1.343708 -0.362978
v -4.030101 1.214055 -0.839538
v -3.970397 1.203722 -0.697118
v -3.885222 1.200000 -0.558189
v -3.779413 1.203721 -0.434251
v -3.662412 1.214054 -0.333459
v -4.012333 1.099221 -0.927065
v -3.963584 1.081024 -0.791211
v -3.891038 1.070889 -0.653069
v -3.796782 1.070889 -0.523336
v -3.687818 1.081022 -0.411653
v -3.573677 1.099218 -0.323310
v -2.809708 1.734052 -0.202559
v -2.877645 1.613151 -0.158614
v -2.728913 1.613151 -0.206940
v -2.956084 1.480118 -0.134140
v -2.799576 1.480118 -0.171386
v -2.651066 1.480118 -0.233247
v -3.040388 1.343708 -0.134140
v -2.881975 1.340059 -0.158581
v -2.725386 1.340059 -0.209461
v -2.582861 1.343708 -0.282801
v -3.124293 1.214054 -0.158615
v -2.970394 1.203721 -0.171387
v -2.811945 1.199999 -0.209462
v -2.661378 1.203721 -0.271794
v -2.529364 1.214053 -0.351921
v -3.202044 1.099218 -0.202561
v -3.057777 1.081022 -0.206942
v -2.903978 1.070888 -0.233250
v -2.751470 1.070888 -0.282804
v -2.611581 1.081022 -0.351922
v -2.492291 1.099218 -0.433177
v -2.141371 1.734050 -1.122442
v -2.120571 1.613150 -1.044250
v -2.120571 1.613150 -1.200634
v -2.121534 1.480118 -0.962087
v -2.108593 1.480118 -1.122442
v -2.121534 1.480118 -1.282797
v -2.147585 1.343709 -0.881909
v -2.121878 1.340060 -1.040120
v -2.121878 1.340060 -1.204764
v -2.147585 1.343709 -1.362975
v -2.196790 1.214055 -0.809673
v -2.161380 1.203722 -0.959985
v -2.148628 1.200001 -1.122442
v -2.161380 1.203722 -1.284900
v -2.196790 1.214055 -1.435211
v -2.262611 1.099219 -0.749306
v -2.222198 1.081023 -0.887866
v -2.199691 1.070890 -1.042265
v -2.199691 1.070890 -1.202620
v -2.222198 1.081023 -1.357019
v -2.262611 1.099219 -1.495578
v -2.531527 0.893784 -1.690955
v -2.611584 0.783557 -1.639921
v -2.652691 0.865774 -1.766441
v -2.709321 0.681567 -1.572883
v -2.746790 0.756507 -1.710221
v -2.793623 0.850175 -1.832347
v -2.819678 0.597263 -1.492705
v -2.855228 0.660206 -1.635812
v -2.898506 0.746765 -1.769014
v -2.946131 0.850175 -1.881901
v -2.934455 0.536910 -1.405344
v -2.970397 0.585689 -1.547763
v -3.011815 0.660206 -1.686692
v -3.055804 0.756507 -1.810628
v -3.098885 0.865775 -1.911421
v -3.045111 0.501447 -1.317819
v -3.083186 0.536910 -1.453671
v -3.124692 0.597264 -1.591813
v -3.166844 0.681568 -1.721545
v -3.206509 0.783559 -1.833228
v -3.241278 0.893785 -1.921571
v -3.470960 0.893784 -1.846944
v -3.447163 0.783557 -1.755035
v -3.580194 0.865774 -1.755035
v -3.413608 0.681567 -1.641365
v -3.555804 0.756507 -1.648169
v -3.686426 0.850176 -1.641366
v -3.371456 0.597263 -1.511634
v -3.518545 0.660206 -1.522045
v -3.658603 0.746765 -1.522046
v -3.780682 0.850177 -1.511635
v -3.323839 0.536910 -1.375478
v -3.470395 0.585689 -1.385305
v -3.615323 0.660207 -1.388844
v -3.746788 0.756509 -1.385305
v -3.855960 0.865777 -1.375478
v -3.274791 0.501447 -1.243191
v -3.415761 0.536910 -1.248960
v -3.559969 0.597265 -1.252172
v -3.696377 0.681569 -1.252172
v -3.814852 0.783561 -1.248960
v -3.909616 0.893788 -1.243192
v -3.909616 0.893788 -1.001693
v -3.814852 0.783561 -0.995924
v -3.855960 0.865777 -0.869406
v -3.696377 0.681569 -0.992711
v -3.746788 0.756509 -0.859578
v -3.780682 0.850177 -0.733249
v -3.559969 0.597265 -0.992711
v -3.615323 0.660207 -0.856039
v -3.658603 0.746766 -0.722837
v -3.686425 0.850176 -0.603517
v -3.415761 0.536911 -0.995923
v -3.470395 0.585690 -0.859578
v -3.518545 0.660207 -0.722837
v -3.555804 0.756508 -0.596714
v -3.580194 0.865775 -0.489848
v -3.274792 0.501447 -1.001692
v -3.323839 0.536910 -0.869404
v -3.371456 0.597264 -0.733248
v -3.413608 0.681568 -0.603517
v -3.447163 0.783559 -0.489848
v -3.470960 0.893785 -0.397940
v -2.389578 0.893785 -1.495577
v -2.355230 0.865775 -1.357018
v -2.462854 0.783558 -1.435210
v -2.336101 0.850176 -1.202619
v -2.437777 0.756508 -1.284899
v -2.556814 0.681567 -1.362974
v -2.336101 0.850177 -1.042264
v -2.428745 0.746766 -1.122442
v -2.542053 0.660207 -1.204764
v -2.667170 0.597264 -1.282796
v -2.355230 0.865776 -0.887866
v -2.437776 0.756508 -0.959984
v -2.542053 0.660207 -1.040119
v -2.661382 0.585690 -1.122441
v -2.785724 0.536910 -1.200633
v -2.389578 0.893786 -0.749307
v -2.462853 0.783559 -0.809673
v -2.556813 0.681569 -0.881909
v -2.667169 0.597265 -0.962087
v -2.785724 0.536911 -1.044250
v -2.903161 0.501447 -1.122442
v -3.241277 0.893784 -0.323313
v -3.206508 0.783557 -0.411657
v -3.098885 0.865774 -0.333464
v -3.166842 0.681567 -0.523341
v -3.055803 0.756507 -0.434257
v -2.946130 0.850175 -0.362984
v -3.124691 0.597263 -0.653073
v -3.011813 0.660206 -0.558194
v -2.898505 0.746765 -0.475870
v -2.793622 0.850175 -0.412538
v -3.083185 0.536910 -0.791214
v -2.970395 0.585689 -0.697122
v -2.855226 0.660206 -0.609072
v -2.746789 0.756507 -0.534663
v -2.652690 0.865775 -0.478444
v -3.045110 0.501447 -0.927066
v -2.934454 0.536910 -0.839540
v -2.819676 0.597264 -0.752179
v -2.709319 0.681568 -0.672001
v -2.611583 0.783559 -0.604962
v -2.531527 0.893785 -0.553929
vn 0.0228 -0.9973 0.0701
vn 0.7255 -0.4994 0.4735
vn -0.0597 -0.9973 0.0434
vn -0.0597 -0.9973 -0.0434
vn 0.0228 -0.9973 -0.0701
vn 0.7711 -0.4256 0.4735
vn -0.2121 -0.4256 0.8797
vn -0.9022 -0.4256 0.0702
vn -0.3455 -0.4256 -0.8363
vn 0.6887 -0.4256 -0.5870
vn 0.7483 -0.3800 0.5437
vn -0.2858 -0.3800 0.8797
vn -0.9250 -0.3800 -0.0000
vn -0.2858 -0.3800 -0.8797
vn 0.7483 -0.3800 -0.5437
vn 0.3086 0.4994 0.8096
vn -0.6746 0.4994 0.5437
vn -0.7255 0.4994 -0.4735
vn 0.2262 0.4994 -0.8363
vn 0.8653 0.4994 -0.0434
vn 0.0597 0.9973 -0.0434
vn 0.1854 0.9817 -0.0433
vn 0.3210 0.9461 -0.0429
vn 0.4586 0.8876 -0.0425
vn 0.5888 0.8072 -0.0425
vn 0.7027 0.7102 -0.0429
vn 0.7951 0.6049 -0.0433
vn 0.1045 0.9916 -0.0759
vn 0.0985 0.9817 -0.1630
vn 0.2399 0.9672 -0.0829
vn 0.2339 0.9573 -0.1699
vn 0.1530 0.9672 -0.2026
vn 0.1400 0.9461 -0.2920
vn 0.3829 0.9196 -0.0879
vn 0.3768 0.9097 -0.1745
vn 0.2955 0.9309 -0.2147
vn 0.2824 0.9097 -0.3045
vn 0.2020 0.9196 -0.3370
vn 0.1822 0.8876 -0.4230
vn 0.5236 0.8472 -0.0898
vn 0.5175 0.8374 -0.1760
vn 0.4416 0.8694 -0.2215
vn 0.4285 0.8482 -0.3113
vn 0.3472 0.8694 -0.3515
vn 0.3273 0.8374 -0.4378
vn 0.2472 0.8472 -0.4702
vn 0.2224 0.8072 -0.5468
vn 0.6513 0.7537 -0.0879
vn 0.6451 0.7439 -0.1745
vn 0.5801 0.7838 -0.2215
vn 0.5670 0.7626 -0.3113
vn 0.4911 0.7947 -0.3568
vn 0.4713 0.7626 -0.4431
vn 0.3900 0.7838 -0.4833
vn 0.3653 0.7439 -0.5596
vn 0.2849 0.7537 -0.5922
vn 0.2579 0.7102 -0.6550
vn 0.7578 0.6472 -0.0829
vn 0.7516 0.6373 -0.1699
vn 0.7005 0.6806 -0.2147
vn 0.6874 0.6594 -0.3045
vn 0.6224 0.6993 -0.3515
vn 0.6026 0.6673 -0.4378
vn 0.5267 0.6993 -0.4833
vn 0.5020 0.6594 -0.5596
vn 0.4206 0.6806 -0.5999
vn 0.3939 0.6373 -0.6623
vn 0.3130 0.6472 -0.6951
vn 0.2869 0.6049 -0.7428
vn 0.8402 0.5369 -0.0759
vn 0.8340 0.5271 -0.1630
vn 0.7967 0.5694 -0.2026
vn 0.7836 0.5483 -0.2920
vn 0.7322 0.5919 -0.3370
vn 0.7124 0.5599 -0.4230
vn 0.6472 0.6000 -0.4702
vn 0.6225 0.5599 -0.5468
vn 0.5468 0.5919 -0.5922
vn 0.5199 0.5483 -0.6550
vn 0.4388 0.5694 -0.6951
vn 0.4127 0.5271 -0.7428
vn 0.3318 0.5369 -0.7756
vn 0.3086 0.4994 -0.8096
vn -0.0228 0.9973 -0.0701
vn 0.0161 0.9817 -0.1897
vn 0.0584 0.9461 -0.3185
vn 0.1013 0.8876 -0.4493
vn 0.1415 0.8072 -0.5731
vn 0.1763 0.7102 -0.6815
vn 0.2045 0.6049 -0.7696
vn -0.0399 0.9916 -0.1228
vn -0.1246 0.9817 -0.1440
vn -0.0047 0.9672 -0.2538
vn -0.0893 0.9573 -0.2749
vn -0.1454 0.9672 -0.2081
vn -0.2345 0.9461 -0.2234
vn 0.0347 0.9196 -0.3913
vn -0.0495 0.9097 -0.4123
vn -0.1129 0.9309 -0.3473
vn -0.2023 0.9097 -0.3626
vn -0.2581 0.9196 -0.2962
vn -0.3460 0.8876 -0.3040
vn 0.0764 0.8472 -0.5257
vn -0.0075 0.8374 -0.5466
vn -0.0742 0.8694 -0.4885
vn -0.1637 0.8482 -0.5037
vn -0.2271 0.8694 -0.4388
vn -0.3152 0.8374 -0.4466
vn -0.3708 0.8472 -0.3804
vn -0.4513 0.8072 -0.3805
vn 0.1176 0.7537 -0.6466
vn 0.0334 0.7439 -0.6675
vn -0.0314 0.7838 -0.6202
vn -0.1209 0.7626 -0.6355
vn -0.1876 0.7947 -0.5773
vn -0.2757 0.7626 -0.5852
vn -0.3391 0.7838 -0.5202
vn -0.4194 0.7439 -0.5203
vn -0.4752 0.7537 -0.4539
vn -0.5433 0.7102 -0.4477
vn 0.1553 0.6472 -0.7463
vn 0.0707 0.6373 -0.7674
vn 0.0123 0.6806 -0.7326
vn -0.0772 0.6594 -0.7478
vn -0.1420 0.6993 -0.7005
vn -0.2302 0.6673 -0.7084
vn -0.2969 0.6993 -0.6502
vn -0.3771 0.6594 -0.6504
vn -0.4406 0.6806 -0.5854
vn -0.5082 0.6373 -0.5793
vn -0.5644 0.6472 -0.5125
vn -0.6178 0.6049 -0.5024
vn 0.1874 0.5369 -0.8225
vn 0.1027 0.5271 -0.8436
vn 0.0535 0.5694 -0.8203
vn -0.0356 0.5483 -0.8355
vn -0.0942 0.5919 -0.8005
vn -0.1822 0.5599 -0.8083
vn -0.2472 0.6000 -0.7608
vn -0.3277 0.5599 -0.7610
vn -0.3943 0.5919 -0.7030
vn -0.4623 0.5483 -0.6968
vn -0.5255 0.5694 -0.6322
vn -0.5789 0.5271 -0.6221
vn -0.6351 0.5369 -0.5553
vn -0.6746 0.4994 -0.5437
vn -0.0738 0.9973 -0.0000
vn -0.1755 0.9817 -0.0740
vn -0.2849 0.9461 -0.1540
vn -0.3960 0.8876 -0.2352
vn -0.5013 0.8072 -0.3117
vn -0.5937 0.7102 -0.3783
vn -0.6687 0.6049 -0.4323
vn -0.1292 0.9916 -0.0000
vn -0.1755 0.9817 0.0740
vn -0.2428 0.9672 -0.0740
vn -0.2891 0.9573 -0.0000
vn -0.2428 0.9672 0.0740
vn -0.2849 0.9461 0.1540
vn -0.3615 0.9196 -0.1539
vn -0.4074 0.9097 -0.0804
vn -0.3652 0.9309 -0.0000
vn -0.4074 0.9097 0.0804
vn -0.3615 0.9196 0.1539
vn -0.3960 0.8876 0.2352
vn -0.4764 0.8472 -0.2351
vn -0.5222 0.8374 -0.1618
vn -0.4875 0.8694 -0.0803
vn -0.5297 0.8482 -0.0000
vn -0.4875 0.8694 0.0803
vn -0.5222 0.8374 0.1618
vn -0.4764 0.8472 0.2351
vn -0.5013 0.8072 0.3117
vn -0.5786 0.7537 -0.3116
vn -0.6245 0.7439 -0.2381
vn -0.5996 0.7838 -0.1618
vn -0.6417 0.7626 -0.0814
vn -0.6071 0.7947 -0.0000
vn -0.6417 0.7626 0.0814
vn -0.5996 0.7838 0.1618
vn -0.6245 0.7439 0.2381
vn -0.5786 0.7537 0.3116
vn -0.5937 0.7102 0.3783
vn -0.6618 0.6472 -0.3784
vn -0.7080 0.6373 -0.3043
vn -0.6929 0.6806 -0.2381
vn -0.7351 0.6594 -0.1577
vn -0.7101 0.6993 -0.0814
vn -0.7448 0.6673 -0.0000
vn -0.7101 0.6993 0.0814
vn -0.7351 0.6594 0.1577
vn -0.6929 0.6806 0.2381
vn -0.7080 0.6373 0.3043
vn -0.6618 0.6472 0.3784
vn -0.6687 0.6049 0.4323
vn -0.7244 0.5369 -0.4324
vn -0.7705 0.5271 -0.3584
vn -0.7636 0.5694 -0.3044
vn -0.8056 0.5483 -0.2244
vn -0.7904 0.5919 -0.1577
vn -0.8250 0.5599 -0.0765
vn -0.8000 0.6000 -0.0000
vn -0.8250 0.5599 0.0765
vn -0.7904 0.5919 0.1577
vn -0.8056 0.5483 0.2244
vn -0.7636 0.5694 0.3044
vn -0.7705 0.5271 0.3584
vn -0.7244 0.5369 0.4324
vn -0.7255 0.4994 0.4735
vn -0.0228 0.9973 0.0701
vn -0.1246 0.9817 0.1440
vn -0.2345 0.9461 0.2234
vn -0.3460 0.8876 0.3040
vn -0.4513 0.8072 0.3805
vn -0.5433 0.7102 0.4477
vn -0.6178 0.6049 0.5024
vn -0.0399 0.9916 0.1228
vn 0.0161 0.9817 0.1897
vn -0.1454 0.9672 0.2081
vn -0.0893 0.9573 0.2749
vn -0.0047 0.9672 0.2538
vn 0.0584 0.9461 0.3185
vn -0.2581 0.9196 0.2962
vn -0.2023 0.9097 0.3626
vn -0.1129 0.9309 0.3473
vn -0.0495 0.9097 0.4123
vn 0.0347 0.9196 0.3913
vn 0.1013 0.8876 0.4493
vn -0.3708 0.8472 0.3804
vn -0.3152 0.8374 0.4466
vn -0.2271 0.8694 0.4388
vn -0.1637 0.8482 0.5037
vn -0.0742 0.8694 0.4885
vn -0.0075 0.8374 0.5466
vn 0.0764 0.8472 0.5257
vn 0.1415 0.8072 0.5731
vn -0.4752 0.7537 0.4539
vn -0.4194 0.7439 0.5203
vn -0.3391 0.7838 0.5202
vn -0.2757 0.7626 0.5852
vn -0.1876 0.7947 0.5773
vn -0.1209 0.7626 0.6355
vn -0.0314 0.7838 0.6202
vn 0.0334 0.7439 0.6675
vn 0.1176 0.7537 0.6466
vn 0.1763 0.7102 0.6815
vn -0.5644 0.6472 0.5125
vn -0.5082 0.6373 0.5793
vn -0.4406 0.6806 0.5854
vn -0.3771 0.6594 0.6504
vn -0.2969 0.6993 0.6502
vn -0.2302 0.6673 0.7084
vn -0.1420 0.6993 0.7005
vn -0.0772 0.6594 0.7478
vn 0.0123 0.6806 0.7326
vn 0.0707 0.6373 0.7674
vn 0.1553 0.6472 0.7463
vn 0.2045 0.6049 0.7696
vn -0.6351 0.5369 0.5553
vn -0.5789 0.5271 0.6221
vn -0.5255 0.5694 0.6322
vn -0.4623 0.5483 0.6968
vn -0.3943 0.5919 0.7030
vn -0.3277 0.5599 0.7610
vn -0.2472 0.6000 0.7608
vn -0.1822 0.5599 0.8083
vn -0.0942 0.5919 0.8005
vn -0.0356 0.5483 0.8355
vn 0.0535 0.5694 0.8203
vn 0.1027 0.5271 0.8436
vn 0.1874 0.5369 0.8225
vn 0.2262 0.4994 0.8363
vn 0.0597 0.9973 0.0434
vn 0.0985 0.9817 0.1630
vn 0.1400 0.9461 0.2920
vn 0.1822 0.8876 0.4230
vn 0.2224 0.8072 0.5468
vn 0.2579 0.7102 0.6550
vn 0.2869 0.6049 0.7428
vn 0.1045 0.9916 0.0759
vn 0.1854 0.9817 0.0433
vn 0.1530 0.9672 0.2026
vn 0.2339 0.9573 0.1699
vn 0.2399 0.9672 0.0829
vn 0.3210 0.9461 0.0429
vn 0.2020 0.9196 0.3370
vn 0.2824 0.9097 0.3045
vn 0.2955 0.9309 0.2147
vn 0.3768 0.9097 0.1745
vn 0.3829 0.9196 0.0879
vn 0.4586 0.8876 0.0425
vn 0.2472 0.8472 0.4702
vn 0.3273 0.8374 0.4378
vn 0.3472 0.8694 0.3515
vn 0.4285 0.8482 0.3113
vn 0.4416 0.8694 0.2215
vn 0.5175 0.8374 0.1760
vn 0.5236 0.8472 0.0898
vn 0.5888 0.8072 0.0425
vn 0.2849 0.7537 0.5922
vn 0.3653 0.7439 0.5596
vn 0.3900 0.7838 0.4833
vn 0.4713 0.7626 0.4431
vn 0.4911 0.7947 0.3568
vn 0.5670 0.7626 0.3113
vn 0.5801 0.7838 0.2215
vn 0.6451 0.7439 0.1745
vn 0.6513 0.7537 0.0879
vn 0.7027 0.7102 0.0429
vn 0.3130 0.6472 0.6951
vn 0.3939 0.6373 0.6623
vn 0.4206 0.6806 0.5999
vn 0.5020 0.6594 0.5596
vn 0.5267 0.6993 0.4833
vn 0.6026 0.6673 0.4378
vn 0.6224 0.6993 0.3515
vn 0.6874 0.6594 0.3045
vn 0.7005 0.6806 0.2147
vn 0.7516 0.6373 0.1699
vn 0.7578 0.6472 0.0829
vn 0.7951 0.6049 0.0433
vn 0.3318 0.5369 0.7756
vn 0.4127 0.5271 0.7428
vn 0.4388 0.5694 0.6951
vn 0.5199 0.5483 0.6550
vn 0.5468 0.5919 0.5922
vn 0.6225 0.5599 0.5468
vn 0.6472 0.6000 0.4702
vn 0.7124 0.5599 0.4230
vn 0.7322 0.5919 0.3370
vn 0.7836 0.5483 0.2920
vn 0.7967 0.5694 0.2026
vn 0.8340 0.5271 0.1630
vn 0.8402 0.5369 0.0759
vn 0.8653 0.4994 0.0434
vn 0.9022 0.4256 -0.0702
vn 0.9338 0.3276 -0.1440
vn 0.9511 0.2134 -0.2234
vn 0.9487 0.0874 -0.3040
vn 0.9238 -0.0427 -0.3805
vn 0.8782 -0.1683 -0.4477
vn 0.8173 -0.2821 -0.5024
vn 0.9048 0.4078 -0.1228
vn 0.8708 0.4535 -0.1897
vn 0.9301 0.3025 -0.2081
vn 0.8962 0.3482 -0.2749
vn 0.8672 0.4284 -0.2538
vn 0.8201 0.4753 -0.3185
vn 0.9379 0.1804 -0.2962
vn 0.9041 0.2259 -0.3626
vn 0.8831 0.3154 -0.3473
vn 0.8358 0.3626 -0.4123
vn 0.8070 0.4423 -0.3913
vn 0.7486 0.4875 -0.4493
vn 0.9236 0.0472 -0.3804
vn 0.8899 0.0925 -0.4466
vn 0.8792 0.1857 -0.4388
vn 0.8319 0.2329 -0.5037
vn 0.8108 0.3224 -0.4885
vn 0.7523 0.3678 -0.5466
vn 0.7236 0.4472 -0.5257
vn 0.6587 0.4875 -0.5731
vn 0.8867 -0.0879 -0.4539
vn 0.8529 -0.0424 -0.5203
vn 0.8527 0.0472 -0.5202
vn 0.8054 0.0944 -0.5852
vn 0.7947 0.1876 -0.5773
vn 0.7362 0.2329 -0.6355
vn 0.7151 0.3224 -0.6202
vn 0.6504 0.3626 -0.6675
vn 0.6216 0.4423 -0.6466
vn 0.5564 0.4754 -0.6815
vn 0.8312 -0.2154 -0.5125
vn 0.7973 -0.1696 -0.5793
vn 0.8058 -0.0897 -0.5854
vn 0.7584 -0.0424 -0.6504
vn 0.7583 0.0472 -0.6502
vn 0.6998 0.0925 -0.7084
vn 0.6890 0.1857 -0.7005
vn 0.6243 0.2259 -0.7478
vn 0.6032 0.3154 -0.7326
vn 0.5384 0.3482 -0.7674
vn 0.5094 0.4284 -0.7464
vn 0.4496 0.4535 -0.7696
vn 0.7643 -0.3279 -0.5553
vn 0.7304 -0.2821 -0.6221
vn 0.7443 -0.2154 -0.6322
vn 0.6972 -0.1683 -0.6968
vn 0.7057 -0.0879 -0.7030
vn 0.6473 -0.0427 -0.7610
vn 0.6472 0.0472 -0.7608
vn 0.5823 0.0874 -0.8083
vn 0.5716 0.1804 -0.8005
vn 0.5063 0.2134 -0.8355
vn 0.4853 0.3025 -0.8203
vn 0.4255 0.3276 -0.8436
vn 0.3964 0.4078 -0.8225
vn 0.3455 0.4256 -0.8363
vn 0.2121 0.4256 -0.8797
vn 0.1516 0.3276 -0.9326
vn 0.0815 0.2134 -0.9736
vn 0.0040 0.0874 -0.9962
vn -0.0764 -0.0427 -0.9962
vn -0.1544 -0.1683 -0.9736
vn -0.2252 -0.2821 -0.9326
vn 0.1628 0.4078 -0.8985
vn 0.0886 0.4535 -0.8869
vn 0.0895 0.3025 -0.9489
vn 0.0155 0.3482 -0.9373
vn 0.0266 0.4284 -0.9032
vn -0.0495 0.4754 -0.8784
vn 0.0081 0.1804 -0.9836
vn -0.0655 0.2259 -0.9720
vn -0.0574 0.3154 -0.9472
vn -0.1339 0.3626 -0.9223
vn -0.1228 0.4423 -0.8884
vn -0.1960 0.4875 -0.8508
vn -0.0764 0.0472 -0.9960
vn -0.1497 0.0925 -0.9844
vn -0.1456 0.1857 -0.9717
vn -0.2220 0.2329 -0.9468
vn -0.2140 0.3224 -0.9221
vn -0.2874 0.3678 -0.8844
vn -0.2764 0.4472 -0.8506
vn -0.3415 0.4875 -0.8035
vn -0.1577 -0.0879 -0.9836
vn -0.2313 -0.0424 -0.9720
vn -0.2313 0.0472 -0.9717
vn -0.3076 0.0944 -0.9468
vn -0.3035 0.1876 -0.9342
vn -0.3769 0.2329 -0.8965
vn -0.3689 0.3224 -0.8718
vn -0.4338 0.3626 -0.8248
vn -0.4228 0.4423 -0.7909
vn -0.4763 0.4754 -0.7397
vn -0.2306 -0.2154 -0.9489
vn -0.3045 -0.1696 -0.9373
vn -0.3078 -0.0897 -0.9472
vn -0.3842 -0.0424 -0.9223
vn -0.3841 0.0472 -0.9221
vn -0.4575 0.0925 -0.8844
vn -0.4533 0.1857 -0.8718
vn -0.5183 0.2259 -0.8248
vn -0.5103 0.3154 -0.8001
vn -0.5634 0.3482 -0.7492
vn -0.5524 0.4284 -0.7151
vn -0.5930 0.4535 -0.6654
vn -0.2919 -0.3279 -0.8985
vn -0.3659 -0.2821 -0.8869
vn -0.3712 -0.2154 -0.9032
vn -0.4473 -0.1683 -0.8784
vn -0.4505 -0.0879 -0.8884
vn -0.5237 -0.0427 -0.8508
vn -0.5236 0.0472 -0.8507
vn -0.5888 0.0874 -0.8035
vn -0.5847 0.1804 -0.7909
vn -0.6382 0.2134 -0.7397
vn -0.6302 0.3025 -0.7151
vn -0.6708 0.3276 -0.6654
vn -0.6598 0.4078 -0.6312
vn -0.6887 0.4256 -0.5870
vn -0.7711 0.4256 -0.4735
vn -0.8401 0.3276 -0.4323
vn -0.9007 0.2134 -0.3783
vn -0.9462 0.0874 -0.3117
vn -0.9710 -0.0427 -0.2352
vn -0.9736 -0.1683 -0.1540
vn -0.9565 -0.2821 -0.0740
vn -0.8042 0.4078 -0.4324
vn -0.8161 0.4535 -0.3584
vn -0.8748 0.3025 -0.3784
vn -0.8866 0.3482 -0.3043
vn -0.8508 0.4284 -0.3044
vn -0.8507 0.4753 -0.2244
vn -0.9329 0.1804 -0.3116
vn -0.9446 0.2259 -0.2381
vn -0.9186 0.3154 -0.2381
vn -0.9185 0.3626 -0.1577
vn -0.8829 0.4423 -0.1577
vn -0.8697 0.4875 -0.0765
vn -0.9708 0.0472 -0.2351
vn -0.9825 0.0925 -0.1618
vn -0.9692 0.1857 -0.1618
vn -0.9691 0.2329 -0.0814
vn -0.9431 0.3224 -0.0814
vn -0.9299 0.3678 -0.0000
vn -0.8944 0.4472 -0.0000
vn -0.8697 0.4875 0.0765
vn -0.9842 -0.0879 -0.1539
vn -0.9959 -0.0424 -0.0804
vn -0.9956 0.0472 -0.0803
vn -0.9955 0.0944 -0.0000
vn -0.9822 0.1876 -0.0000
vn -0.9691 0.2329 0.0814
vn -0.9431 0.3224 0.0814
vn -0.9185 0.3626 0.1577
vn -0.8829 0.4423 0.1577
vn -0.8507 0.4753 0.2244
vn -0.9737 -0.2154 -0.0740
vn -0.9855 -0.1696 -0.0000
vn -0.9960 -0.0897 -0.0000
vn -0.9959 -0.0424 0.0804
vn -0.9956 0.0472 0.0803
vn -0.9825 0.0925 0.1618
vn -0.9692 0.1857 0.1618
vn -0.9446 0.2259 0.2381
vn -0.9186 0.3154 0.2381
vn -0.8866 0.3482 0.3043
vn -0.8508 0.4284 0.3044
vn -0.8161 0.4535 0.3584
vn -0.9447 -0.3279 -0.0000
vn -0.9565 -0.2821 0.0740
vn -0.9737 -0.2154 0.0740
vn -0.9736 -0.1683 0.1540
vn -0.9842 -0.0879 0.1539
vn -0.9710 -0.0427 0.2352
vn -0.9708 0.0472 0.2351
vn -0.9462 0.0874 0.3117
vn -0.9329 0.1804 0.3116
vn -0.9007 0.2134 0.3783
vn -0.8748 0.3025 0.3784
vn -0.8401 0.3276 0.4323
vn -0.8042 0.4078 0.4324
vn -0.7711 0.4256 0.4735
vn -0.6887 0.4256 0.5870
vn -0.6708 0.3276 0.6654
vn -0.6382 0.2134 0.7397
vn -0.5888 0.0874 0.8035
vn -0.5237 -0.0427 0.8508
vn -0.4473 -0.1683 0.8784
vn -0.3659 -0.2821 0.8869
vn -0.6598 0.4078 0.6312
vn -0.5930 0.4535 0.6654
vn -0.6302 0.3025 0.7151
vn -0.5634 0.3482 0.7492
vn -0.5524 0.4284 0.7151
vn -0.4763 0.4753 0.7397
vn -0.5847 0.1804 0.7909
vn -0.5183 0.2259 0.8248
vn -0.5103 0.3154 0.8001
vn -0.4338 0.3626 0.8248
vn -0.4228 0.4423 0.7909
vn -0.3415 0.4875 0.8035
vn -0.5236 0.0472 0.8507
vn -0.4575 0.0925 0.8844
vn -0.4533 0.1857 0.8718
vn -0.3769 0.2329 0.8965
vn -0.3689 0.3224 0.8718
vn -0.2874 0.3678 0.8844
vn -0.2764 0.4472 0.8506
vn -0.1960 0.4875 0.8508
vn -0.4505 -0.0879 0.8884
vn -0.3842 -0.0424 0.9223
vn -0.3841 0.0472 0.9221
vn -0.3076 0.0944 0.9468
vn -0.3035 0.1876 0.9342
vn -0.2220 0.2329 0.9468
vn -0.2140 0.3224 0.9221
vn -0.1339 0.3626 0.9223
vn -0.1228 0.4423 0.8884
vn -0.0495 0.4753 0.8784
vn -0.3712 -0.2154 0.9032
vn -0.3045 -0.1696 0.9373
vn -0.3078 -0.0897 0.9472
vn -0.2313 -0.0424 0.9720
vn -0.2313 0.0472 0.9717
vn -0.1497 0.0925 0.9844
vn -0.1456 0.1857 0.9717
vn -0.0655 0.2259 0.9720
vn -0.0574 0.3154 0.9472
vn 0.0155 0.3482 0.9373
vn 0.0266 0.4284 0.9032
vn 0.0886 0.4535 0.8869
vn -0.2919 -0.3279 0.8985
vn -0.2252 -0.2821 0.9326
vn -0.2306 -0.2154 0.9489
vn -0.1544 -0.1683 0.9736
vn -0.1577 -0.0879 0.9836
vn -0.0764 -0.0427 0.9962
vn -0.0764 0.0472 0.9960
vn 0.0040 0.0874 0.9962
vn 0.0081 0.1804 0.9836
vn 0.0815 0.2134 0.9736
vn 0.0895 0.3025 0.9489
vn 0.1516 0.3276 0.9326
vn 0.1628 0.4078 0.8985
vn 0.2121 0.4256 0.8797
vn 0.3455 0.4256 0.8363
vn 0.4255 0.3276 0.8436
vn 0.5063 0.2134 0.8355
vn 0.5823 0.0874 0.8083
vn 0.6473 -0.0427 0.7610
vn 0.6972 -0.1683 0.6968
vn 0.7304 -0.2821 0.6221
vn 0.3964 0.4078 0.8225
vn 0.4496 0.4535 0.7696
vn 0.4853 0.3025 0.8203
vn 0.5384 0.3482 0.7674
vn 0.5094 0.4284 0.7464
vn 0.5564 0.4754 0.6815
vn 0.5716 0.1804 0.8005
vn 0.6243 0.2259 0.7478
vn 0.6032 0.3154 0.7326
vn 0.6504 0.3626 0.6675
vn 0.6216 0.4423 0.6466
vn 0.6587 0.4875 0.5731
vn 0.6472 0.0472 0.7608
vn 0.6998 0.0925 0.7084
vn 0.6890 0.1857 0.7005
vn 0.7362 0.2329 0.6355
vn 0.7151 0.3224 0.6202
vn 0.7523 0.3678 0.5466
vn 0.7236 0.4472 0.5257
vn 0.7486 0.4875 0.4493
vn 0.7057 -0.0879 0.7030
vn 0.7584 -0.0424 0.6504
vn 0.7583 0.0472 0.6502
vn 0.8054 0.0944 0.5852
vn 0.7947 0.1876 0.5773
vn 0.8319 0.2329 0.5037
vn 0.8108 0.3224 0.4885
vn 0.8358 0.3626 0.4123
vn 0.8070 0.4423 0.3913
vn 0.8201 0.4753 0.3185
vn 0.7443 -0.2154 0.6322
vn 0.7973 -0.1696 0.5793
vn 0.8058 -0.0897 0.5854
vn 0.8529 -0.0424 0.5203
vn 0.8527 0.0472 0.5202
vn 0.8899 0.0925 0.4466
vn 0.8792 0.1857 0.4388
vn 0.9041 0.2259 0.3626
vn 0.8831 0.3154 0.3473
vn 0.8962 0.3482 0.2749
vn 0.8672 0.4284 0.2538
vn 0.8708 0.4535 0.1897
vn 0.7643 -0.3279 0.5553
vn 0.8173 -0.2821 0.5024
vn 0.8312 -0.2154 0.5125
vn 0.8782 -0.1683 0.4477
vn 0.8867 -0.0879 0.4540
vn 0.9238 -0.0427 0.3805
vn 0.9236 0.0472 0.3804
vn 0.9487 0.0874 0.3040
vn 0.9379 0.1804 0.2962
vn 0.9511 0.2134 0.2234
vn 0.9301 0.3025 0.2081
vn 0.9338 0.3276 0.1440
vn 0.9048 0.4078 0.1228
vn 0.9022 0.4256 0.0701
vn 0.2858 0.3800 -0.8797
vn 0.3659 0.2821 -0.8869
vn 0.4473 0.1683 -0.8784
vn 0.5237 0.0427 -0.8508
vn 0.5888 -0.0874 -0.8035
vn 0.6382 -0.2134 -0.7397
vn 0.6708 -0.3276 -0.6654
vn 0.2919 0.3279 -0.8985
vn 0.2252 0.2821 -0.9326
vn 0.3712 0.2154 -0.9032
vn 0.3045 0.1696 -0.9373
vn 0.2306 0.2154 -0.9489
vn 0.1544 0.1683 -0.9736
vn 0.4505 0.0879 -0.8884
vn 0.3842 0.0424 -0.9223
vn 0.3078 0.0897 -0.9472
vn 0.2313 0.0424 -0.9720
vn 0.1577 0.0879 -0.9836
vn 0.0764 0.0427 -0.9962
vn 0.5236 -0.0472 -0.8507
vn 0.4575 -0.0925 -0.8844
vn 0.3841 -0.0472 -0.9221
vn 0.3076 -0.0944 -0.9468
vn 0.2313 -0.0472 -0.9717
vn 0.1497 -0.0925 -0.9844
vn 0.0764 -0.0472 -0.9960
vn -0.0040 -0.0874 -0.9962
vn 0.5847 -0.1804 -0.7909
vn 0.5183 -0.2259 -0.8248
vn 0.4533 -0.1857 -0.8718
vn 0.3769 -0.2329 -0.8965
vn 0.3035 -0.1876 -0.9342
vn 0.2220 -0.2329 -0.9468
vn 0.1456 -0.1857 -0.9717
vn 0.0655 -0.2259 -0.9720
vn -0.0081 -0.1804 -0.9836
vn -0.0815 -0.2134 -0.9736
vn 0.6302 -0.3025 -0.7151
vn 0.5634 -0.3482 -0.7492
vn 0.5103 -0.3154 -0.8001
vn 0.4338 -0.3626 -0.8248
vn 0.3689 -0.3224 -0.8718
vn 0.2874 -0.3678 -0.8844
vn 0.2140 -0.3224 -0.9221
vn 0.1339 -0.3626 -0.9223
vn 0.0574 -0.3154 -0.9472
vn -0.0155 -0.3482 -0.9373
vn -0.0895 -0.3025 -0.9489
vn -0.1516 -0.3276 -0.9326
vn 0.6598 -0.4078 -0.6312
vn 0.5930 -0.4535 -0.6654
vn 0.5524 -0.4284 -0.7151
vn 0.4763 -0.4753 -0.7397
vn 0.4228 -0.4423 -0.7909
vn 0.3415 -0.4875 -0.8035
vn 0.2764 -0.4472 -0.8506
vn 0.1960 -0.4875 -0.8508
vn 0.1228 -0.4423 -0.8884
vn 0.0495 -0.4754 -0.8784
vn -0.0266 -0.4284 -0.9032
vn -0.0886 -0.4535 -0.8869
vn -0.1628 -0.4078 -0.8985
vn -0.2121 -0.4256 -0.8797
vn -0.7483 0.3800 -0.5437
vn -0.7304 0.2821 -0.6221
vn -0.6972 0.1683 -0.6968
vn -0.6473 0.0427 -0.7610
vn -0.5823 -0.0874 -0.8083
vn -0.5063 -0.2134 -0.8355
vn -0.4255 -0.3276 -0.8436
vn -0.7643 0.3279 -0.5553
vn -0.8173 0.2821 -0.5024
vn -0.7443 0.2154 -0.6322
vn -0.7973 0.1696 -0.5793
vn -0.8312 0.2154 -0.5125
vn -0.8782 0.1683 -0.4477
vn -0.7057 0.0879 -0.7030
vn -0.7584 0.0424 -0.6504
vn -0.8058 0.0897 -0.5854
vn -0.8529 0.0424 -0.5203
vn -0.8867 0.0879 -0.4540
vn -0.9238 0.0427 -0.3805
vn -0.6472 -0.0472 -0.7608
vn -0.6998 -0.0925 -0.7084
vn -0.7583 -0.0472 -0.6502
vn -0.8054 -0.0944 -0.5852
vn -0.8527 -0.0472 -0.5202
vn -0.8899 -0.0925 -0.4466
vn -0.9236 -0.0472 -0.3804
vn -0.9487 -0.0874 -0.3040
vn -0.5716 -0.1804 -0.8005
vn -0.6243 -0.2259 -0.7478
vn -0.6890 -0.1857 -0.7005
vn -0.7362 -0.2329 -0.6355
vn -0.7947 -0.1876 -0.5773
vn -0.8319 -0.2329 -0.5038
vn -0.8792 -0.1857 -0.4388
vn -0.9041 -0.2259 -0.3626
vn -0.9379 -0.1804 -0.2962
vn -0.9511 -0.2134 -0.2234
vn -0.4853 -0.3025 -0.8203
vn -0.5384 -0.3482 -0.7674
vn -0.6032 -0.3154 -0.7326
vn -0.6504 -0.3626 -0.6675
vn -0.7151 -0.3224 -0.6202
vn -0.7523 -0.3678 -0.5466
vn -0.8108 -0.3224 -0.4885
vn -0.8358 -0.3626 -0.4123
vn -0.8831 -0.3154 -0.3473
vn -0.8962 -0.3482 -0.2749
vn -0.9301 -0.3025 -0.2081
vn -0.9338 -0.3276 -0.1440
vn -0.3964 -0.4078 -0.8225
vn -0.4496 -0.4535 -0.7696
vn -0.5094 -0.4284 -0.7464
vn -0.5564 -0.4754 -0.6815
vn -0.6216 -0.4423 -0.6466
vn -0.6587 -0.4875 -0.5731
vn -0.7236 -0.4472 -0.5257
vn -0.7486 -0.4875 -0.4493
vn -0.8070 -0.4423 -0.3913
vn -0.8201 -0.4753 -0.3185
vn -0.8672 -0.4284 -0.2538
vn -0.8708 -0.4535 -0.1897
vn -0.9048 -0.4078 -0.1228
vn -0.9022 -0.4256 -0.0702
vn -0.7483 0.3800 0.5437
vn -0.8173 0.2821 0.5024
vn -0.8782 0.1683 0.4477
vn -0.9238 0.0427 0.3805
vn -0.9487 -0.0874 0.3040
vn -0.9511 -0.2134 0.2234
vn -0.9338 -0.3276 0.1440
vn -0.7643 0.3279 0.5553
vn -0.7304 0.2821 0.6221
vn -0.8312 0.2154 0.5125
vn -0.7973 0.1696 0.5793
vn -0.7443 0.2154 0.6322
vn -0.6972 0.1683 0.6968
vn -0.8867 0.0879 0.4540
vn -0.8529 0.0424 0.5203
vn -0.8058 0.0897 0.5854
vn -0.7584 0.0424 0.6504
vn -0.7057 0.0879 0.7030
vn -0.6473 0.0427 0.7610
vn -0.9236 -0.0472 0.3804
vn -0.8899 -0.0925 0.4466
vn -0.8527 -0.0472 0.5202
vn -0.8054 -0.0944 0.5852
vn -0.7583 -0.0472 0.6502
vn -0.6998 -0.0925 0.7084
vn -0.6472 -0.0472 0.7608
vn -0.5823 -0.0874 0.8083
vn -0.9379 -0.1804 0.2962
vn -0.9041 -0.2259 0.3626
vn -0.8792 -0.1857 0.4388
vn -0.8319 -0.2329 0.5038
vn -0.7947 -0.1876 0.5773
vn -0.7362 -0.2329 0.6355
vn -0.6890 -0.1857 0.7005
vn -0.6243 -0.2259 0.7478
vn -0.5716 -0.1804 0.8005
vn -0.5063 -0.2134 0.8355
vn -0.9301 -0.3025 0.2081
vn -0.8962 -0.3482 0.2749
vn -0.8831 -0.3154 0.3473
vn -0.8358 -0.3626 0.4123
vn -0.8108 -0.3224 0.4885
vn -0.7523 -0.3678 0.5466
vn -0.7151 -0.3224 0.6202
vn -0.6504 -0.3626 0.6675
vn -0.6032 -0.3154 0.7326
vn -0.5384 -0.3482 0.7674
vn -0.4853 -0.3025 0.8203
vn -0.4255 -0.3276 0.8436
vn -0.9048 -0.4078 0.1228
vn -0.8708 -0.4535 0.1897
vn -0.8672 -0.4284 0.2538
vn -0.8201 -0.4753 0.3185
vn -0.8070 -0.4423 0.3913
vn -0.7486 -0.4875 0.4493
vn -0.7236 -0.4472 0.5257
vn -0.6587 -0.4875 0.5731
vn -0.6216 -0.4423 0.6466
vn -0.5564 -0.4754 0.6815
vn -0.5094 -0.4284 0.7464
vn -0.4496 -0.4535 0.7696
vn -0.3964 -0.4078 0.8225
vn -0.3455 -0.4256 0.8363
vn 0.2858 0.3800 0.8797
vn 0.2252 0.2821 0.9326
vn 0.1544 0.1683 0.9736
vn 0.0764 0.0427 0.9962
vn -0.0040 -0.0874 0.9962
vn -0.0815 -0.2134 0.9736
vn -0.1516 -0.3276 0.9326
vn 0.2919 0.3279 0.8985
vn 0.3659 0.2821 0.8869
vn 0.2306 0.2154 0.9489
vn 0.3045 0.1696 0.9373
vn 0.3712 0.2154 0.9032
vn 0.4473 0.1683 0.8784
vn 0.1577 0.0879 0.9836
vn 0.2313 0.0424 0.9720
vn 0.3078 0.0897 0.9472
vn 0.3842 0.0424 0.9223
vn 0.4505 0.0879 0.8884
vn 0.5237 0.0427 0.8508
vn 0.0764 -0.0472 0.9960
vn 0.1497 -0.0925 0.9844
vn 0.2313 -0.0472 0.9717
vn 0.3076 -0.0944 0.9468
vn 0.3841 -0.0472 0.9221
vn 0.4575 -0.0925 0.8844
vn 0.5236 -0.0472 0.8507
vn 0.5888 -0.0874 0.8035
vn -0.0081 -0.1804 0.9836
vn 0.0655 -0.2259 0.9720
vn 0.1456 -0.1857 0.9717
vn 0.2220 -0.2329 0.9468
vn 0.3035 -0.1876 0.9342
vn 0.3769 -0.2329 0.8965
vn 0.4533 -0.1857 0.8718
vn 0.5183 -0.2259 0.8248
vn 0.5847 -0.1804 0.7909
vn 0.6382 -0.2134 0.7397
vn -0.0895 -0.3025 0.9489
vn -0.0155 -0.3482 0.9373
vn 0.0574 -0.3154 0.9472
vn 0.1339 -0.3626 0.9223
vn 0.2140 -0.3224 0.9221
vn 0.2874 -0.3678 0.8844
vn 0.3689 -0.3224 0.8718
vn 0.4338 -0.3626 0.8248
vn 0.5103 -0.3154 0.8001
vn 0.5634 -0.3482 0.7492
vn 0.6302 -0.3025 0.7151
vn 0.6708 -0.3276 0.6654
vn -0.1628 -0.4078 0.8985
vn -0.0886 -0.4535 0.8869
vn -0.0266 -0.4284 0.9032
vn 0.0495 -0.4753 0.8784
vn 0.1228 -0.4423 0.8884
vn 0.1960 -0.4875 0.8508
vn 0.2764 -0.4472 0.8506
vn 0.3415 -0.4875 0.8035
vn 0.4228 -0.4423 0.7909
vn 0.4763 -0.4754 0.7397
vn 0.5524 -0.4284 0.7151
vn 0.5930 -0.4535 0.6654
vn 0.6598 -0.4078 0.6312
vn 0.6887 -0.4256 0.5870
vn 0.9250 0.3800 -0.0000
vn 0.9565 0.2821 0.0740
vn 0.9736 0.1683 0.1540
vn 0.9710 0.0427 0.2352
vn 0.9462 -0.0874 0.3117
vn 0.9007 -0.2134 0.3783
vn 0.8401 -0.3276 0.4323
vn 0.9447 0.3279 -0.0000
vn 0.9565 0.2821 -0.0740
vn 0.9737 0.2154 0.0740
vn 0.9855 0.1696 -0.0000
vn 0.9737 0.2154 -0.0740
vn 0.9736 0.1683 -0.1540
vn 0.9842 0.0879 0.1539
vn 0.9959 0.0424 0.0804
vn 0.9960 0.0897 -0.0000
vn 0.9959 0.0424 -0.0804
vn 0.9842 0.0879 -0.1539
vn 0.9710 0.0427 -0.2352
vn 0.9708 -0.0472 0.2351
vn 0.9825 -0.0925 0.1618
vn 0.9956 -0.0472 0.0803
vn 0.9955 -0.0944 -0.0000
vn 0.9956 -0.0472 -0.0803
vn 0.9825 -0.0925 -0.1618
vn 0.9708 -0.0472 -0.2351
vn 0.9462 -0.0874 -0.3117
vn 0.9329 -0.1804 0.3116
vn 0.9446 -0.2259 0.2381
vn 0.9692 -0.1857 0.1618
vn 0.9691 -0.2329 0.0814
vn 0.9822 -0.1876 -0.0000
vn 0.9691 -0.2329 -0.0814
vn 0.9692 -0.1857 -0.1618
vn 0.9446 -0.2259 -0.2381
vn 0.9329 -0.1804 -0.3116
vn 0.9007 -0.2134 -0.3783
vn 0.8748 -0.3025 0.3784
vn 0.8866 -0.3482 0.3043
vn 0.9186 -0.3154 0.2381
vn 0.9185 -0.3626 0.1577
vn 0.9431 -0.3224 0.0814
vn 0.9299 -0.3678 -0.0000
vn 0.9431 -0.3224 -0.0814
vn 0.9185 -0.3626 -0.1577
vn 0.9186 -0.3154 -0.2381
vn 0.8866 -0.3482 -0.3043
vn 0.8748 -0.3025 -0.3784
vn 0.8401 -0.3276 -0.4323
vn 0.8042 -0.4078 0.4324
vn 0.8161 -0.4535 0.3584
vn 0.8508 -0.4284 0.3044
vn 0.8507 -0.4753 0.2244
vn 0.8829 -0.4423 0.1577
vn 0.8697 -0.4875 0.0765
vn 0.8944 -0.4472 -0.0000
vn 0.8697 -0.4875 -0.0765
vn 0.8829 -0.4423 -0.1577
vn 0.8507 -0.4753 -0.2244
vn 0.8508 -0.4284 -0.3044
vn 0.8161 -0.4535 -0.3584
vn 0.8042 -0.4078 -0.4324
vn 0.7711 -0.4256 -0.4735
vn 0.6746 -0.4994 -0.5437
vn 0.6178 -0.6049 -0.5024
vn 0.5433 -0.7102 -0.4477
vn 0.4513 -0.8072 -0.3805
vn 0.3460 -0.8876 -0.3040
vn 0.2345 -0.9461 -0.2234
vn 0.1246 -0.9817 -0.1440
vn 0.6351 -0.5369 -0.5553
vn 0.5789 -0.5271 -0.6221
vn 0.5644 -0.6472 -0.5125
vn 0.5082 -0.6373 -0.5793
vn 0.5255 -0.5694 -0.6322
vn 0.4623 -0.5483 -0.6968
vn 0.4752 -0.7537 -0.4539
vn 0.4194 -0.7439 -0.5203
vn 0.4406 -0.6806 -0.5854
vn 0.3771 -0.6594 -0.6504
vn 0.3943 -0.5919 -0.7030
vn 0.3277 -0.5599 -0.7610
vn 0.3708 -0.8472 -0.3804
vn 0.3152 -0.8374 -0.4466
vn 0.3391 -0.7838 -0.5202
vn 0.2757 -0.7626 -0.5852
vn 0.2969 -0.6993 -0.6502
vn 0.2302 -0.6673 -0.7084
vn 0.2472 -0.6000 -0.7608
vn 0.1822 -0.5599 -0.8083
vn 0.2581 -0.9196 -0.2962
vn 0.2023 -0.9097 -0.3626
vn 0.2271 -0.8694 -0.4388
vn 0.1637 -0.8482 -0.5037
vn 0.1876 -0.7947 -0.5773
vn 0.1209 -0.7626 -0.6355
vn 0.1420 -0.6993 -0.7005
vn 0.0772 -0.6594 -0.7478
vn 0.0942 -0.5919 -0.8005
vn 0.0356 -0.5483 -0.8355
vn 0.1454 -0.9672 -0.2081
vn 0.0893 -0.9573 -0.2749
vn 0.1129 -0.9309 -0.3473
vn 0.0495 -0.9097 -0.4123
vn 0.0742 -0.8694 -0.4885
vn 0.0075 -0.8374 -0.5466
vn 0.0314 -0.7838 -0.6202
vn -0.0334 -0.7439 -0.6675
vn -0.0123 -0.6806 -0.7326
vn -0.0707 -0.6373 -0.7674
vn -0.0535 -0.5694 -0.8203
vn -0.1027 -0.5271 -0.8436
vn 0.0399 -0.9916 -0.1228
vn -0.0161 -0.9817 -0.1897
vn 0.0047 -0.9672 -0.2538
vn -0.0584 -0.9461 -0.3185
vn -0.0347 -0.9196 -0.3913
vn -0.1013 -0.8876 -0.4493
vn -0.0764 -0.8472 -0.5257
vn -0.1415 -0.8072 -0.5731
vn -0.1176 -0.7537 -0.6466
vn -0.1763 -0.7102 -0.6815
vn -0.1553 -0.6472 -0.7464
vn -0.2045 -0.6049 -0.7696
vn -0.1874 -0.5369 -0.8225
vn -0.2262 -0.4994 -0.8363
vn -0.3086 -0.4994 -0.8096
vn -0.2869 -0.6049 -0.7428
vn -0.2579 -0.7102 -0.6550
vn -0.2224 -0.8072 -0.5468
vn -0.1822 -0.8876 -0.4230
vn -0.1400 -0.9461 -0.2920
vn -0.0985 -0.9817 -0.1630
vn -0.3318 -0.5369 -0.7756
vn -0.4127 -0.5271 -0.7428
vn -0.3130 -0.6472 -0.6951
vn -0.3939 -0.6373 -0.6623
vn -0.4389 -0.5694 -0.6951
vn -0.5199 -0.5483 -0.6550
vn -0.2849 -0.7537 -0.5922
vn -0.3653 -0.7439 -0.5596
vn -0.4206 -0.6806 -0.5999
vn -0.5020 -0.6594 -0.5596
vn -0.5468 -0.5919 -0.5922
vn -0.6225 -0.5599 -0.5468
vn -0.2472 -0.8472 -0.4702
vn -0.3273 -0.8374 -0.4378
vn -0.3900 -0.7838 -0.4833
vn -0.4713 -0.7626 -0.4431
vn -0.5267 -0.6993 -0.4833
vn -0.6026 -0.6673 -0.4378
vn -0.6472 -0.6000 -0.4702
vn -0.7124 -0.5599 -0.4230
vn -0.2020 -0.9196 -0.3370
vn -0.2824 -0.9097 -0.3045
vn -0.3472 -0.8694 -0.3515
vn -0.4285 -0.8482 -0.3113
vn -0.4911 -0.7947 -0.3568
vn -0.5670 -0.7626 -0.3113
vn -0.6224 -0.6993 -0.3515
vn -0.6874 -0.6594 -0.3045
vn -0.7322 -0.5919 -0.3370
vn -0.7836 -0.5483 -0.2920
vn -0.1530 -0.9672 -0.2026
vn -0.2339 -0.9573 -0.1699
vn -0.2955 -0.9309 -0.2147
vn -0.3768 -0.9097 -0.1745
vn -0.4416 -0.8694 -0.2215
vn -0.5175 -0.8374 -0.1760
vn -0.5801 -0.7838 -0.2215
vn -0.6451 -0.7439 -0.1745
vn -0.7005 -0.6806 -0.2147
vn -0.7516 -0.6373 -0.1699
vn -0.7967 -0.5694 -0.2026
vn -0.8340 -0.5271 -0.1630
vn -0.1045 -0.9916 -0.0759
vn -0.1854 -0.9817 -0.0433
vn -0.2399 -0.9672 -0.0829
vn -0.3210 -0.9461 -0.0429
vn -0.3829 -0.9196 -0.0879
vn -0.4586 -0.8876 -0.0425
vn -0.5236 -0.8472 -0.0898
vn -0.5888 -0.8072 -0.0425
vn -0.6513 -0.7537 -0.0879
vn -0.7027 -0.7102 -0.0429
vn -0.7578 -0.6472 -0.0829
vn -0.7951 -0.6049 -0.0433
vn -0.8402 -0.5369 -0.0759
vn -0.8653 -0.4994 -0.0434
vn -0.8653 -0.4994 0.0434
vn -0.7951 -0.6049 0.0433
vn -0.7027 -0.7102 0.0429
vn -0.5888 -0.8072 0.0425
vn -0.4586 -0.8876 0.0425
vn -0.3210 -0.9461 0.0429
vn -0.1854 -0.9817 0.0433
vn -0.8402 -0.5369 0.0759
vn -0.8340 -0.5271 0.1630
vn -0.7578 -0.6472 0.0829
vn -0.7516 -0.6373 0.1699
vn -0.7967 -0.5694 0.2026
vn -0.7836 -0.5483 0.2920
vn -0.6513 -0.7537 0.0879
vn -0.6451 -0.7439 0.1745
vn -0.7005 -0.6806 0.2147
vn -0.6874 -0.6594 0.3045
vn -0.7322 -0.5919 0.3370
vn -0.7124 -0.5599 0.4230
vn -0.5236 -0.8472 0.0898
vn -0.5175 -0.8374 0.1760
vn -0.5801 -0.7838 0.2215
vn -0.5670 -0.7626 0.3113
vn -0.6224 -0.6993 0.3515
vn -0.6026 -0.6673 0.4378
vn -0.6472 -0.6000 0.4702
vn -0.6225 -0.5599 0.5468
vn -0.3829 -0.9196 0.0879
vn -0.3768 -0.9097 0.1745
vn -0.4416 -0.8694 0.2215
vn -0.4285 -0.8482 0.3113
vn -0.4911 -0.7947 0.3568
vn -0.4713 -0.7626 0.4431
vn -0.5267 -0.6993 0.4833
vn -0.5020 -0.6594 0.5596
vn -0.5468 -0.5919 0.5922
vn -0.5199 -0.5483 0.6550
vn -0.2399 -0.9672 0.0829
vn -0.2339 -0.9573 0.1699
vn -0.2955 -0.9309 0.2147
vn -0.2824 -0.9097 0.3045
vn -0.3472 -0.8694 0.3515
vn -0.3273 -0.8374 0.4378
vn -0.3900 -0.7838 0.4833
vn -0.3653 -0.7439 0.5596
vn -0.4206 -0.6806 0.5999
vn -0.3939 -0.6373 0.6623
vn -0.4389 -0.5694 0.6951
vn -0.4127 -0.5271 0.7428
vn -0.1045 -0.9916 0.0759
vn -0.0985 -0.9817 0.1630
vn -0.1530 -0.9672 0.2026
vn -0.1400 -0.9461 0.2920
vn -0.2020 -0.9196 0.3370
vn -0.1822 -0.8876 0.4230
vn -0.2472 -0.8472 0.4702
vn -0.2224 -0.8072 0.5468
vn -0.2849 -0.7537 0.5922
vn -0.2579 -0.7102 0.6550
vn -0.3130 -0.6472 0.6951
vn -0.2869 -0.6049 0.7428
vn -0.3318 -0.5369 0.7756
vn -0.3086 -0.4994 0.8096
vn 0.7255 -0.4994 -0.4735
vn 0.7705 -0.5271 -0.3584
vn 0.8056 -0.5483 -0.2244
vn 0.8250 -0.5599 -0.0765
vn 0.8250 -0.5599 0.0765
vn 0.8056 -0.5483 0.2244
vn 0.7705 -0.5271 0.3584
vn 0.7244 -0.5369 -0.4324
vn 0.6687 -0.6049 -0.4323
vn 0.7636 -0.5694 -0.3044
vn 0.7080 -0.6373 -0.3043
vn 0.6618 -0.6472 -0.3784
vn 0.5937 -0.7102 -0.3783
vn 0.7904 -0.5919 -0.1577
vn 0.7351 -0.6594 -0.1577
vn 0.6929 -0.6806 -0.2381
vn 0.6245 -0.7439 -0.2381
vn 0.5786 -0.7537 -0.3116
vn 0.5013 -0.8072 -0.3117
vn 0.8000 -0.6000 -0.0000
vn 0.7448 -0.6673 -0.0000
vn 0.7101 -0.6993 -0.0814
vn 0.6417 -0.7626 -0.0814
vn 0.5996 -0.7838 -0.1618
vn 0.5222 -0.8374 -0.1618
vn 0.4764 -0.8472 -0.2351
vn 0.3960 -0.8876 -0.2352
vn 0.7904 -0.5919 0.1577
vn 0.7351 -0.6594 0.1577
vn 0.7101 -0.6993 0.0814
vn 0.6417 -0.7626 0.0814
vn 0.6071 -0.7947 -0.0000
vn 0.5297 -0.8482 -0.0000
vn 0.4875 -0.8694 -0.0803
vn 0.4074 -0.9097 -0.0804
vn 0.3615 -0.9196 -0.1539
vn 0.2849 -0.9461 -0.1540
vn 0.7636 -0.5694 0.3044
vn 0.7080 -0.6373 0.3043
vn 0.6929 -0.6806 0.2381
vn 0.6245 -0.7439 0.2381
vn 0.5996 -0.7838 0.1618
vn 0.5222 -0.8374 0.1618
vn 0.4875 -0.8694 0.0803
vn 0.4074 -0.9097 0.0804
vn 0.3652 -0.9309 -0.0000
vn 0.2891 -0.9573 -0.0000
vn 0.2428 -0.9672 -0.0740
vn 0.1755 -0.9817 -0.0740
vn 0.7244 -0.5369 0.4324
vn 0.6687 -0.6049 0.4323
vn 0.6618 -0.6472 0.3784
vn 0.5937 -0.7102 0.3783
vn 0.5786 -0.7537 0.3116
vn 0.5013 -0.8072 0.3117
vn 0.4764 -0.8472 0.2351
vn 0.3960 -0.8876 0.2352
vn 0.3615 -0.9196 0.1539
vn 0.2849 -0.9461 0.1540
vn 0.2428 -0.9672 0.0740
vn 0.1755 -0.9817 0.0740
vn 0.1292 -0.9916 -0.0000
vn 0.0738 -0.9973 -0.0000
vn -0.2262 -0.4994 0.8363
vn -0.2045 -0.6049 0.7696
vn -0.1763 -0.7102 0.6815
vn -0.1415 -0.8072 0.5731
vn -0.1013 -0.8876 0.4493
vn -0.0584 -0.9461 0.3185
vn -0.0161 -0.9817 0.1897
vn -0.1874 -0.5369 0.8225
vn -0.1027 -0.5271 0.8436
vn -0.1553 -0.6472 0.7464
vn -0.0707 -0.6373 0.7674
vn -0.0535 -0.5694 0.8203
vn 0.0356 -0.5483 0.8355
vn -0.1176 -0.7537 0.6466
vn -0.0334 -0.7439 0.6675
vn -0.0123 -0.6806 0.7326
vn 0.0772 -0.6594 0.7478
vn 0.0942 -0.5919 0.8005
vn 0.1822 -0.5599 0.8083
vn -0.0764 -0.8472 0.5257
vn 0.0075 -0.8374 0.5466
vn 0.0314 -0.7838 0.6202
vn 0.1209 -0.7626 0.6355
vn 0.1420 -0.6993 0.7005
vn 0.2302 -0.6673 0.7084
vn 0.2472 -0.6000 0.7608
vn 0.3277 -0.5599 0.7610
vn -0.0347 -0.9196 0.3913
vn 0.0495 -0.9097 0.4123
vn 0.0742 -0.8694 0.4885
vn 0.1637 -0.8482 0.5037
vn 0.1876 -0.7947 0.5773
vn 0.2757 -0.7626 0.5852
vn 0.2969 -0.6993 0.6502
vn 0.3771 -0.6594 0.6504
vn 0.3943 -0.5919 0.7030
vn 0.4623 -0.5483 0.6968
vn 0.0047 -0.9672 0.2538
vn 0.0893 -0.9573 0.2749
vn 0.1129 -0.9309 0.3473
vn 0.2023 -0.9097 0.3626
vn 0.2271 -0.8694 0.4388
vn 0.3152 -0.8374 0.4466
vn 0.3391 -0.7838 0.5202
vn 0.4194 -0.7439 0.5203
vn 0.4406 -0.6806 0.5854
vn 0.5082 -0.6373 0.5793
vn 0.5255 -0.5694 0.6322
vn 0.5789 -0.5271 0.6221
vn 0.0399 -0.9916 0.1228
vn 0.1246 -0.9817 0.1440
vn 0.1454 -0.9672 0.2081
vn 0.2345 -0.9461 0.2234
vn 0.2581 -0.9196 0.2962
vn 0.3460 -0.8876 0.3040
vn 0.3708 -0.8472 0.3804
vn 0.4513 -0.8072 0.3805
vn 0.4752 -0.7537 0.4539
vn 0.5433 -0.7102 0.4477
vn 0.5644 -0.6472 0.5125
vn 0.6178 -0.6049 0.5024
vn 0.6351 -0.5369 0.5553
vn 0.6746 -0.4994 0.5437
vt 0.181819 0.000000
vt 0.193183 0.019683
vt 0.170455 0.019683
vt 0.272728 0.157461
vt 0.284092 0.137778
vt 0.295455 0.157461
vt 0.909091 0.000000
vt 0.920455 0.019683
vt 0.897727 0.019683
vt 0.727273 0.000000
vt 0.738637 0.019683
vt 0.715909 0.019683
vt 0.545455 0.000000
vt 0.556819 0.019683
vt 0.534091 0.019683
vt 0.284092 0.177143
vt 0.090910 0.157461
vt 0.113637 0.157461
vt 0.102274 0.177143
vt 0.818182 0.157461
vt 0.840909 0.157461
vt 0.829546 0.177143
vt 0.636364 0.157461
vt 0.659091 0.157461
vt 0.647728 0.177143
vt 0.454546 0.157461
vt 0.477273 0.157461
vt 0.465910 0.177143
vt 0.261364 0.177143
vt 0.079546 0.177143
vt 0.806818 0.177143
vt 0.625000 0.177143
vt 0.443182 0.177143
vt 0.181819 0.314921
vt 0.204546 0.314921
vt 0.193183 0.334604
vt 0.000000 0.314921
vt 0.022727 0.314921
vt 0.011364 0.334604
vt 0.727273 0.314921
vt 0.750000 0.314921
vt 0.738637 0.334604
vt 0.545455 0.314921
vt 0.568182 0.314921
vt 0.556819 0.334604
vt 0.363637 0.314921
vt 0.386364 0.314921
vt 0.375001 0.334604
vt 0.443182 0.452699
vt 0.465910 0.452699
vt 0.454546 0.472382
vt 0.431819 0.433017
vt 0.454546 0.433017
vt 0.420455 0.413334
vt 0.443182 0.413334
vt 0.409092 0.393652
vt 0.431819 0.393652
vt 0.397728 0.373969
vt 0.420455 0.373969
vt 0.386364 0.354286
vt 0.409091 0.354286
vt 0.397728 0.334604
vt 0.477273 0.433017
vt 0.465910 0.413334
vt 0.488637 0.413334
vt 0.454546 0.393652
vt 0.477273 0.393652
vt 0.500000 0.393652
vt 0.443182 0.373969
vt 0.465910 0.373969
vt 0.488637 0.373969
vt 0.511364 0.373969
vt 0.431819 0.354286
vt 0.454546 0.354286
vt 0.477273 0.354286
vt 0.500000 0.354286
vt 0.522728 0.354286
vt 0.420455 0.334604
vt 0.443182 0.334604
vt 0.465910 0.334604
vt 0.488637 0.334604
vt 0.511364 0.334604
vt 0.534091 0.334604
vt 0.409091 0.314921
vt 0.431819 0.314921
vt 0.454546 0.314921
vt 0.477273 0.314921
vt 0.500000 0.314921
vt 0.522728 0.314921
vt 0.625000 0.452699
vt 0.647728 0.452699
vt 0.636364 0.472382
vt 0.613637 0.433017
vt 0.636364 0.433017
vt 0.602273 0.413334
vt 0.625000 0.413334
vt 0.590910 0.393652
vt 0.613637 0.393652
vt 0.579546 0.373969
vt 0.602273 0.373969
vt 0.568182 0.354286
vt 0.590909 0.354286
vt 0.579546 0.334604
vt 0.659091 0.433017
vt 0.647728 0.413334
vt 0.670455 0.413334
vt 0.636364 0.393652
vt 0.659091 0.393652
vt 0.681818 0.393652
vt 0.625000 0.373969
vt 0.647728 0.373969
vt 0.670455 0.373969
vt 0.693182 0.373969
vt 0.613637 0.354286
vt 0.636364 0.354286
vt 0.659091 0.354286
vt 0.681818 0.354286
vt 0.704546 0.354286
vt 0.602273 0.334604
vt 0.625000 0.334604
vt 0.647728 0.334604
vt 0.670455 0.334604
vt 0.693182 0.334604
vt 0.715909 0.334604
vt 0.590909 0.314921
vt 0.613637 0.314921
vt 0.636364 0.314921
vt 0.659091 0.314921
vt 0.681819 0.314921
vt 0.704546 0.314921
vt 0.806818 0.452699
vt 0.829546 0.452699
vt 0.818182 0.472382
vt 0.795455 0.433017
vt 0.818182 0.433017
vt 0.784091 0.413334
vt 0.806818 0.413334
vt 0.772727 0.393652
vt 0.795455 0.393652
vt 0.761364 0.373969
vt 0.784091 0.373969
vt 0.750000 0.354286
vt 0.772727 0.354286
vt 0.761364 0.334604
vt 0.840909 0.433017
vt 0.829546 0.413334
vt 0.852273 0.413334
vt 0.818182 0.393652
vt 0.840909 0.393652
vt 0.863636 0.393652
vt 0.806818 0.373969
vt 0.829546 0.373969
vt 0.852273 0.373969
vt 0.875000 0.373969
vt 0.795455 0.354286
vt 0.818182 0.354286
vt 0.840909 0.354286
vt 0.863636 0.354286
vt 0.886364 0.354286
vt 0.784091 0.334604
vt 0.806818 0.334604
vt 0.829546 0.334604
vt 0.852273 0.334604
vt 0.875000 0.334604
vt 0.897727 0.334604
vt 0.772727 0.314921
vt 0.795455 0.314921
vt 0.818182 0.314921
vt 0.840909 0.314921
vt 0.863636 0.314921
vt 0.886364 0.314921
vt 0.909091 0.314921
vt 0.079546 0.452699
vt 0.102274 0.452699
vt 0.090910 0.472382
vt 0.068182 0.433017
vt 0.090910 0.433017
vt 0.056819 0.413334
vt 0.079546 0.413334
vt 0.045455 0.393652
vt 0.068182 0.393652
vt 0.034091 0.373969
vt 0.056819 0.373969
vt 0.022727 0.354286
vt 0.045455 0.354286
vt 0.034091 0.334604
vt 0.113637 0.433017
vt 0.102274 0.413334
vt 0.125001 0.413334
vt 0.090910 0.393652
vt 0.113637 0.393652
vt 0.136365 0.393652
vt 0.079546 0.373969
vt 0.102273 0.373969
vt 0.125001 0.373969
vt 0.147728 0.373969
vt 0.068182 0.354286
vt 0.090910 0.354286
vt 0.113637 0.354286
vt 0.136364 0.354286
vt 0.159092 0.354286
vt 0.056819 0.334604
vt 0.079546 0.334604
vt 0.102273 0.334604
vt 0.125001 0.334604
vt 0.147728 0.334604
vt 0.170455 0.334604
vt 0.045455 0.314921
vt 0.068182 0.314921
vt 0.090910 0.314921
vt 0.113637 0.314921
vt 0.136364 0.314921
vt 0.159092 0.314921
vt 0.261364 0.452699
vt 0.284092 0.452699
vt 0.272728 0.472382
vt 0.250001 0.433017
vt 0.272728 0.433017
vt 0.238637 0.413334
vt 0.261364 0.413334
vt 0.227273 0.393652
vt 0.250001 0.393652
vt 0.215910 0.373969
vt 0.238637 0.373969
vt 0.204546 0.354286
vt 0.227273 0.354286
vt 0.215910 0.334604
vt 0.295455 0.433017
vt 0.284092 0.413334
vt 0.306819 0.413334
vt 0.272728 0.393652
vt 0.295455 0.393652
vt 0.318182 0.393652
vt 0.261364 0.373969
vt 0.284092 0.373969
vt 0.306819 0.373969
vt 0.329546 0.373969
vt 0.250001 0.354286
vt 0.272728 0.354286
vt 0.295455 0.354286
vt 0.318182 0.354286
vt 0.340910 0.354286
vt 0.238637 0.334604
vt 0.261364 0.334604
vt 0.284092 0.334604
vt 0.306819 0.334604
vt 0.329546 0.334604
vt 0.352273 0.334604
vt 0.227274 0.314921
vt 0.250001 0.314921
vt 0.272728 0.314921
vt 0.295455 0.314921
vt 0.318183 0.314921
vt 0.340910 0.314921
vt 0.375001 0.295238
vt 0.386364 0.275556
vt 0.397728 0.295238
vt 0.397728 0.255874
vt 0.409092 0.275556
vt 0.409092 0.236191
vt 0.420455 0.255874
vt 0.420455 0.216509
vt 0.431819 0.236191
vt 0.431819 0.196826
vt 0.443182 0.216509
vt 0.454546 0.196826
vt 0.420455 0.295238
vt 0.431819 0.275556
vt 0.443182 0.295238
vt 0.443182 0.255874
vt 0.454546 0.275556
vt 0.465910 0.295238
vt 0.454546 0.236191
vt 0.465910 0.255874
vt 0.477273 0.275556
vt 0.488637 0.295238
vt 0.465910 0.216509
vt 0.477273 0.236191
vt 0.488637 0.255874
vt 0.500000 0.275556
vt 0.511364 0.295238
vt 0.477273 0.196826
vt 0.488637 0.216508
vt 0.500000 0.236191
vt 0.511364 0.255874
vt 0.522728 0.275556
vt 0.534091 0.295238
vt 0.556819 0.295238
vt 0.568182 0.275556
vt 0.579546 0.295238
vt 0.579546 0.255874
vt 0.590910 0.275556
vt 0.590910 0.236191
vt 0.602273 0.255874
vt 0.602273 0.216509
vt 0.613637 0.236191
vt 0.613637 0.196826
vt 0.625000 0.216509
vt 0.636364 0.196826
vt 0.602273 0.295238
vt 0.613637 0.275556
vt 0.625000 0.295238
vt 0.625000 0.255874
vt 0.636364 0.275556
vt 0.647728 0.295238
vt 0.636364 0.236191
vt 0.647728 0.255874
vt 0.659091 0.275556
vt 0.670455 0.295238
vt 0.647728 0.216509
vt 0.659091 0.236191
vt 0.670455 0.255874
vt 0.681818 0.275556
vt 0.693182 0.295238
vt 0.659091 0.196826
vt 0.670455 0.216508
vt 0.681818 0.236191
vt 0.693182 0.255874
vt 0.704546 0.275556
vt 0.715909 0.295238
vt 0.738637 0.295238
vt 0.750000 0.275556
vt 0.761364 0.295238
vt 0.761364 0.255874
vt 0.772727 0.275556
vt 0.772727 0.236191
vt 0.784091 0.255874
vt 0.784091 0.216509
vt 0.795455 0.236191
vt 0.795455 0.196826
vt 0.806818 0.216509
vt 0.818182 0.196826
vt 0.784091 0.295238
vt 0.795455 0.275556
vt 0.806818 0.295238
vt 0.806818 0.255874
vt 0.818182 0.275556
vt 0.829546 0.295238
vt 0.818182 0.236191
vt 0.829546 0.255874
vt 0.840909 0.275556
vt 0.852273 0.295238
vt 0.829546 0.216509
vt 0.840909 0.236191
vt 0.852273 0.255874
vt 0.863636 0.275556
vt 0.875000 0.295238
vt 0.840909 0.196826
vt 0.852273 0.216508
vt 0.863636 0.236191
vt 0.875000 0.255874
vt 0.886364 0.275556
vt 0.897727 0.295238
vt 0.011364 0.295238
vt 0.022727 0.275556
vt 0.034091 0.295238
vt 0.034091 0.255874
vt 0.045455 0.275556
vt 0.045455 0.236191
vt 0.056819 0.255874
vt 0.056819 0.216509
vt 0.068182 0.236191
vt 0.068182 0.196826
vt 0.079546 0.216509
vt 0.090910 0.196826
vt 0.056819 0.295238
vt 0.068182 0.275556
vt 0.079546 0.295238
vt 0.079546 0.255874
vt 0.090910 0.275556
vt 0.102273 0.295238
vt 0.090910 0.236191
vt 0.102273 0.255874
vt 0.113637 0.275556
vt 0.125001 0.295238
vt 0.102274 0.216509
vt 0.113637 0.236191
vt 0.125001 0.255874
vt 0.136364 0.275556
vt 0.147728 0.295238
vt 0.113637 0.196826
vt 0.125001 0.216508
vt 0.136365 0.236191
vt 0.147728 0.255874
vt 0.159092 0.275556
vt 0.170455 0.295238
vt 0.193183 0.295238
vt 0.204546 0.275556
vt 0.215910 0.295238
vt 0.215910 0.255874
vt 0.227274 0.275556
vt 0.227273 0.236191
vt 0.238637 0.255874
vt 0.238637 0.216509
vt 0.250001 0.236191
vt 0.250001 0.196826
vt 0.261364 0.216509
vt 0.272728 0.196826
vt 0.238637 0.295238
vt 0.250001 0.275556
vt 0.261364 0.295238
vt 0.261364 0.255874
vt 0.272728 0.275556
vt 0.284092 0.295238
vt 0.272728 0.236191
vt 0.284092 0.255874
vt 0.295455 0.275556
vt 0.306819 0.295238
vt 0.284092 0.216509
vt 0.295455 0.236191
vt 0.306819 0.255874
vt 0.318182 0.275556
vt 0.329546 0.295238
vt 0.295455 0.196826
vt 0.306819 0.216508
vt 0.318182 0.236191
vt 0.329546 0.255874
vt 0.340910 0.275556
vt 0.352273 0.295238
vt 0.545455 0.275556
vt 0.534091 0.255874
vt 0.522728 0.236191
vt 0.511364 0.216508
vt 0.500000 0.196826
vt 0.488637 0.177143
vt 0.556819 0.255874
vt 0.545455 0.236191
vt 0.568182 0.236191
vt 0.534091 0.216508
vt 0.556819 0.216508
vt 0.579546 0.216508
vt 0.522728 0.196826
vt 0.545455 0.196826
vt 0.568182 0.196826
vt 0.590909 0.196826
vt 0.511364 0.177143
vt 0.534091 0.177143
vt 0.556819 0.177143
vt 0.579546 0.177143
vt 0.602273 0.177143
vt 0.500000 0.157461
vt 0.522728 0.157461
vt 0.545455 0.157461
vt 0.568182 0.157461
vt 0.590909 0.157461
vt 0.613637 0.157461
vt 0.727273 0.275556
vt 0.715909 0.255874
vt 0.704546 0.236191
vt 0.693182 0.216508
vt 0.681818 0.196826
vt 0.670455 0.177143
vt 0.738637 0.255874
vt 0.727273 0.236191
vt 0.750000 0.236191
vt 0.715909 0.216508
vt 0.738637 0.216508
vt 0.761364 0.216508
vt 0.704546 0.196826
vt 0.727273 0.196826
vt 0.750000 0.196826
vt 0.772727 0.196826
vt 0.693182 0.177143
vt 0.715909 0.177143
vt 0.738637 0.177143
vt 0.761364 0.177143
vt 0.784091 0.177143
vt 0.681818 0.157461
vt 0.704546 0.157461
vt 0.727273 0.157461
vt 0.750000 0.157461
vt 0.772727 0.157461
vt 0.795455 0.157461
vt 0.920455 0.295238
vt 0.909091 0.275556
vt 0.897727 0.255874
vt 0.886364 0.236191
vt 0.875000 0.216508
vt 0.863636 0.196826
vt 0.852273 0.177143
vt 0.931818 0.275556
vt 0.920455 0.255874
vt 0.943182 0.255874
vt 0.909091 0.236191
vt 0.931818 0.236191
vt 0.954545 0.236191
vt 0.897727 0.216508
vt 0.920455 0.216508
vt 0.943182 0.216508
vt 0.965909 0.216509
vt 0.886364 0.196826
vt 0.909091 0.196826
vt 0.931818 0.196826
vt 0.954545 0.196826
vt 0.977273 0.196826
vt 0.875000 0.177143
vt 0.897727 0.177143
vt 0.920455 0.177143
vt 0.943182 0.177143
vt 0.965909 0.177143
vt 0.988636 0.177143
vt 0.863636 0.157461
vt 0.886364 0.157461
vt 0.909091 0.157461
vt 0.931818 0.157461
vt 0.954545 0.157461
vt 0.977273 0.157461
vt 1.000000 0.157461
vt 0.181819 0.275556
vt 0.170455 0.255874
vt 0.159092 0.236191
vt 0.147728 0.216508
vt 0.136364 0.196826
vt 0.125001 0.177143
vt 0.193183 0.255874
vt 0.181819 0.236191
vt 0.204546 0.236191
vt 0.170455 0.216508
vt 0.193183 0.216508
vt 0.215910 0.216508
vt 0.159092 0.196826
vt 0.181819 0.196826
vt 0.204546 0.196826
vt 0.227273 0.196826
vt 0.147728 0.177143
vt 0.170455 0.177143
vt 0.193183 0.177143
vt 0.215910 0.177143
vt 0.238637 0.177143
vt 0.136364 0.157461
vt 0.159092 0.157461
vt 0.181819 0.157461
vt 0.204546 0.157461
vt 0.227273 0.157461
vt 0.250001 0.157461
vt 0.363637 0.275556
vt 0.352273 0.255874
vt 0.340910 0.236191
vt 0.329546 0.216508
vt 0.318182 0.196826
vt 0.306819 0.177143
vt 0.375001 0.255874
vt 0.363637 0.236191
vt 0.386364 0.236191
vt 0.352273 0.216508
vt 0.375001 0.216508
vt 0.397728 0.216508
vt 0.340910 0.196826
vt 0.363637 0.196826
vt 0.386364 0.196826
vt 0.409092 0.196826
vt 0.329546 0.177143
vt 0.352273 0.177143
vt 0.375001 0.177143
vt 0.397728 0.177143
vt 0.420455 0.177143
vt 0.318182 0.157461
vt 0.340910 0.157461
vt 0.363637 0.157461
vt 0.386364 0.157461
vt 0.409092 0.157461
vt 0.431819 0.157461
vt 0.465910 0.137778
vt 0.477273 0.118096
vt 0.488637 0.137778
vt 0.488637 0.098413
vt 0.500000 0.118096
vt 0.500000 0.078731
vt 0.511364 0.098413
vt 0.511364 0.059048
vt 0.522728 0.078731
vt 0.522728 0.039365
vt 0.534091 0.059048
vt 0.545455 0.039365
vt 0.511364 0.137778
vt 0.522728 0.118096
vt 0.534091 0.137778
vt 0.534091 0.098413
vt 0.545455 0.118096
vt 0.556819 0.137778
vt 0.545455 0.078731
vt 0.556819 0.098413
vt 0.568182 0.118096
vt 0.579546 0.137778
vt 0.556819 0.059048
vt 0.568182 0.078731
vt 0.579546 0.098413
vt 0.590909 0.118096
vt 0.602273 0.137778
vt 0.568182 0.039365
vt 0.579546 0.059048
vt 0.590910 0.078731
vt 0.602273 0.098413
vt 0.613637 0.118096
vt 0.625000 0.137778
vt 0.647728 0.137778
vt 0.659091 0.118096
vt 0.670455 0.137778
vt 0.670455 0.098413
vt 0.681818 0.118096
vt 0.681818 0.078731
vt 0.693182 0.098413
vt 0.693182 0.059048
vt 0.704546 0.078731
vt 0.704546 0.039365
vt 0.715909 0.059048
vt 0.727273 0.039365
vt 0.693182 0.137778
vt 0.704546 0.118096
vt 0.715909 0.137778
vt 0.715909 0.098413
vt 0.727273 0.118096
vt 0.738637 0.137778
vt 0.727273 0.078731
vt 0.738637 0.098413
vt 0.750000 0.118096
vt 0.761364 0.137778
vt 0.738637 0.059048
vt 0.750000 0.078731
vt 0.761364 0.098413
vt 0.772727 0.118096
vt 0.784091 0.137778
vt 0.750000 0.039365
vt 0.761364 0.059048
vt 0.772727 0.078731
vt 0.784091 0.098413
vt 0.795455 0.118096
vt 0.806818 0.137778
vt 0.829546 0.137778
vt 0.840909 0.118096
vt 0.852273 0.137778
vt 0.852273 0.098413
vt 0.863636 0.118096
vt 0.863636 0.078731
vt 0.875000 0.098413
vt 0.875000 0.059048
vt 0.886364 0.078731
vt 0.886364 0.039365
vt 0.897727 0.059048
vt 0.909091 0.039365
vt 0.875000 0.137778
vt 0.886364 0.118096
vt 0.897727 0.137778
vt 0.897727 0.098413
vt 0.909091 0.118096
vt 0.920455 0.137778
vt 0.909091 0.078731
vt 0.920455 0.098413
vt 0.931818 0.118096
vt 0.943182 0.137778
vt 0.920455 0.059048
vt 0.931818 0.078731
vt 0.943182 0.098413
vt 0.954545 0.118096
vt 0.965909 0.137778
vt 0.931818 0.039365
vt 0.943182 0.059048
vt 0.954545 0.078731
vt 0.965909 0.098413
vt 0.977273 0.118096
vt 0.988636 0.137778
vt 0.443182 0.137778
vt 0.420455 0.137778
vt 0.397728 0.137778
vt 0.375001 0.137778
vt 0.352273 0.137778
vt 0.329546 0.137778
vt 0.306819 0.137778
vt 0.431819 0.118096
vt 0.409091 0.118096
vt 0.420455 0.098413
vt 0.386364 0.118096
vt 0.397728 0.098413
vt 0.409092 0.078731
vt 0.363637 0.118096
vt 0.375001 0.098413
vt 0.386364 0.078731
vt 0.397728 0.059048
vt 0.340910 0.118096
vt 0.352273 0.098413
vt 0.363637 0.078731
vt 0.375001 0.059048
vt 0.386364 0.039365
vt 0.318182 0.118096
vt 0.329546 0.098413
vt 0.340910 0.078731
vt 0.352273 0.059048
vt 0.363637 0.039365
vt 0.375001 0.019683
vt 0.295455 0.118096
vt 0.306819 0.098413
vt 0.318182 0.078731
vt 0.329546 0.059048
vt 0.340910 0.039365
vt 0.352273 0.019683
vt 0.363637 0.000000
vt 0.102274 0.137778
vt 0.113637 0.118096
vt 0.125001 0.137778
vt 0.125001 0.098413
vt 0.136365 0.118096
vt 0.136365 0.078731
vt 0.147728 0.098413
vt 0.147728 0.059048
vt 0.159092 0.078731
vt 0.159092 0.039365
vt 0.170455 0.059048
vt 0.181819 0.039365
vt 0.147728 0.137778
vt 0.159092 0.118096
vt 0.170455 0.137778
vt 0.170455 0.098413
vt 0.181819 0.118096
vt 0.193183 0.137778
vt 0.181819 0.078731
vt 0.193183 0.098413
vt 0.204546 0.118096
vt 0.215910 0.137778
vt 0.193183 0.059048
vt 0.204546 0.078731
vt 0.215910 0.098413
vt 0.227273 0.118096
vt 0.238637 0.137778
vt 0.204546 0.039365
vt 0.215910 0.059048
vt 0.227274 0.078731
vt 0.238637 0.098413
vt 0.250001 0.118096
vt 0.261364 0.137778
s 0
f 21/33/14 40/34/14 39/35/14
f 22/36/15 46/37/15 60/38/15
f 21/39/16 39/40/16 74/41/16
f 21/42/17 74/43/17 88/44/17
f 21/45/18 88/46/18 61/47/18
f 22/36/19 60/38/19 109/48/19
f 23/49/20 53/50/20 123/51/20
f 24/52/21 81/53/21 137/54/21
f 25/55/22 95/56/22 151/57/22
f 26/58/23 102/59/23 165/60/23
f 22/36/24 109/48/24 124/61/24
f 23/49/25 123/51/25 138/62/25
f 24/52/26 137/54/26 152/63/26
f 25/55/27 151/57/27 166/64/27
f 26/58/28 165/60/28 110/65/28
f 27/66/29 179/67/29 214/68/29
f 28/69/30 186/70/30 228/71/30
f 29/72/31 193/73/31 235/74/31
f 30/75/32 200/76/32 242/77/32
f 31/78/33 207/79/33 215/80/33
f 221/81/34 236/82/34 32/83/34
f 220/84/35 243/85/35 221/81/35
f 219/86/36 244/87/36 220/84/36
f 218/88/37 246/89/37 219/86/37
f 217/90/38 249/91/38 218/88/38
f 216/92/39 253/93/39 217/90/39
f 215/80/40 258/94/40 216/92/40
f 221/81/41 243/85/41 236/82/41
f 243/85/42 237/95/42 236/82/42
f 220/84/43 244/87/43 243/85/43
f 244/87/44 245/96/44 243/85/44
f 243/85/45 245/96/45 237/95/45
f 245/96/46 238/97/46 237/95/46
f 219/86/47 246/89/47 244/87/47
f 246/89/48 247/98/48 244/87/48
f 244/87/49 247/98/49 245/96/49
f 247/98/50 248/99/50 245/96/50
f 245/96/51 248/99/51 238/97/51
f 248/99/52 239/100/52 238/97/52
f 218/88/53 249/91/53 246/89/53
f 249/91/54 250/101/54 246/89/54
f 246/89/55 250/101/55 247/98/55
f 250/101/56 251/102/56 247/98/56
f 247/98/57 251/102/57 248/99/57
f 251/102/58 252/103/58 248/99/58
f 248/99/59 252/103/59 239/100/59
f 252/103/60 240/104/60 239/100/60
f 217/90/61 253/93/61 249/91/61
f 253/93/62 254/105/62 249/91/62
f 249/91/63 254/105/63 250/101/63
f 254/105/64 255/106/64 250/101/64
f 250/101/65 255/106/65 251/102/65
f 255/106/66 256/107/66 251/102/66
f 251/102/67 256/107/67 252/103/67
f 256/107/68 257/108/68 252/103/68
f 252/103/69 257/108/69 240/104/69
f 257/108/70 241/109/70 240/104/70
f 216/92/71 258/94/71 253/93/71
f 258/94/72 259/110/72 253/93/72
f 253/93/73 259/110/73 254/105/73
f 259/110/74 260/111/74 254/105/74
f 254/105/75 260/111/75 255/106/75
f 260/111/76 261/112/76 255/106/76
f 255/106/77 261/112/77 256/107/77
f 261/112/78 262/113/78 256/107/78
f 256/107/79 262/113/79 257/108/79
f 262/113/80 263/114/80 257/108/80
f 257/108/81 263/114/81 241/109/81
f 263/114/82 242/115/82 241/109/82
f 215/80/83 207/79/83 258/94/83
f 207/79/84 206/116/84 258/94/84
f 258/94/85 206/116/85 259/110/85
f 206/116/86 205/117/86 259/110/86
f 259/110/87 205/117/87 260/111/87
f 205/117/88 204/118/88 260/111/88
f 260/111/89 204/118/89 261/112/89
f 204/118/90 203/119/90 261/112/90
f 261/112/91 203/119/91 262/113/91
f 203/119/92 202/120/92 262/113/92
f 262/113/93 202/120/93 263/114/93
f 202/120/94 201/121/94 263/114/94
f 263/114/95 201/121/95 242/115/95
f 201/121/96 30/75/96 242/115/96
f 236/122/97 229/123/97 32/124/97
f 237/125/98 264/126/98 236/122/98
f 238/127/99 265/128/99 237/125/99
f 239/129/100 267/130/100 238/127/100
f 240/131/101 270/132/101 239/129/101
f 241/133/102 274/134/102 240/131/102
f 242/77/103 279/135/103 241/133/103
f 236/122/104 264/126/104 229/123/104
f 264/126/105 230/136/105 229/123/105
f 237/125/106 265/128/106 264/126/106
f 265/128/107 266/137/107 264/126/107
f 264/126/108 266/137/108 230/136/108
f 266/137/109 231/138/109 230/136/109
f 238/127/110 267/130/110 265/128/110
f 267/130/111 268/139/111 265/128/111
f 265/128/112 268/139/112 266/137/112
f 268/139/113 269/140/113 266/137/113
f 266/137/114 269/140/114 231/138/114
f 269/140/115 232/141/115 231/138/115
f 239/129/116 270/132/116 267/130/116
f 270/132/117 271/142/117 267/130/117
f 267/130/118 271/142/118 268/139/118
f 271/142/119 272/143/119 268/139/119
f 268/139/120 272/143/120 269/140/120
f 272/143/121 273/144/121 269/140/121
f 269/140/122 273/144/122 232/141/122
f 273/144/123 233/145/123 232/141/123
f 240/131/124 274/134/124 270/132/124
f 274/134/125 275/146/125 270/132/125
f 270/132/126 275/146/126 271/142/126
f 275/146/127 276/147/127 271/142/127
f 271/142/128 276/147/128 272/143/128
f 276/147/129 277/148/129 272/143/129
f 272/143/130 277/148/130 273/144/130
f 277/148/131 278/149/131 273/144/131
f 273/144/132 278/149/132 233/145/132
f 278/149/133 234/150/133 233/145/133
f 241/133/134 279/135/134 274/134/134
f 279/135/135 280/151/135 274/134/135
f 274/134/136 280/151/136 275/146/136
f 280/151/137 281/152/137 275/146/137
f 275/146/138 281/152/138 276/147/138
f 281/152/139 282/153/139 276/147/139
f 276/147/140 282/153/140 277/148/140
f 282/153/141 283/154/141 277/148/141
f 277/148/142 283/154/142 278/149/142
f 283/154/143 284/155/143 278/149/143
f 278/149/144 284/155/144 234/150/144
f 284/155/145 235/156/145 234/150/145
f 242/77/146 200/76/146 279/135/146
f 200/76/147 199/157/147 279/135/147
f 279/135/148 199/157/148 280/151/148
f 199/157/149 198/158/149 280/151/149
f 280/151/150 198/158/150 281/152/150
f 198/158/151 197/159/151 281/152/151
f 281/152/152 197/159/152 282/153/152
f 197/159/153 196/160/153 282/153/153
f 282/153/154 196/160/154 283/154/154
f 196/160/155 195/161/155 283/154/155
f 283/154/156 195/161/156 284/155/156
f 195/161/157 194/162/157 284/155/157
f 284/155/158 194/162/158 235/156/158
f 194/162/159 29/72/159 235/156/159
f 229/163/160 222/164/160 32/165/160
f 230/166/161 285/167/161 229/163/161
f 231/168/162 286/169/162 230/166/162
f 232/170/163 288/171/163 231/168/163
f 233/172/164 291/173/164 232/170/164
f 234/174/165 295/175/165 233/172/165
f 235/74/166 300/176/166 234/174/166
f 229/163/167 285/167/167 222/164/167
f 285/167/168 223/177/168 222/164/168
f 230/166/169 286/169/169 285/167/169
f 286/169/170 287/178/170 285/167/170
f 285/167/171 287/178/171 223/177/171
f 287/178/172 224/179/172 223/177/172
f 231/168/173 288/171/173 286/169/173
f 288/171/174 289/180/174 286/169/174
f 286/169/175 289/180/175 287/178/175
f 289/180/176 290/181/176 287/178/176
f 287/178/177 290/181/177 224/179/177
f 290/181/178 225/182/178 224/179/178
f 232/170/179 291/173/179 288/171/179
f 291/173/180 292/183/180 288/171/180
f 288/171/181 292/183/181 289/180/181
f 292/183/182 293/184/182 289/180/182
f 289/180/183 293/184/183 290/181/183
f 293/184/184 294/185/184 290/181/184
f 290/181/185 294/185/185 225/182/185
f 294/185/186 226/186/186 225/182/186
f 233/172/187 295/175/187 291/173/187
f 295/175/188 296/187/188 291/173/188
f 291/173/189 296/187/189 292/183/189
f 296/187/190 297/188/190 292/183/190
f 292/183/191 297/188/191 293/184/191
f 297/188/192 298/189/192 293/184/192
f 293/184/193 298/189/193 294/185/193
f 298/189/194 299/190/194 294/185/194
f 294/185/195 299/190/195 226/186/195
f 299/190/196 227/191/196 226/186/196
f 234/174/197 300/176/197 295/175/197
f 300/176/198 301/192/198 295/175/198
f 295/175/199 301/192/199 296/187/199
f 301/192/200 302/193/200 296/187/200
f 296/187/201 302/193/201 297/188/201
f 302/193/202 303/194/202 297/188/202
f 297/188/203 303/194/203 298/189/203
f 303/194/204 304/195/204 298/189/204
f 298/189/205 304/195/205 299/190/205
f 304/195/206 305/196/206 299/190/206
f 299/190/207 305/196/207 227/191/207
f 305/196/208 228/197/208 227/191/208
f 235/74/209 193/73/209 300/176/209
f 193/73/210 192/198/210 300/176/210
f 300/176/211 192/198/211 301/192/211
f 192/198/212 191/199/212 301/192/212
f 301/192/213 191/199/213 302/193/213
f 191/199/214 190/200/214 302/193/214
f 302/193/215 190/200/215 303/194/215
f 190/200/216 189/201/216 303/194/216
f 303/194/217 189/201/217 304/195/217
f 189/201/218 188/202/218 304/195/218
f 304/195/219 188/202/219 305/196/219
f 188/202/220 187/203/220 305/196/220
f 305/196/221 187/203/221 228/197/221
f 187/203/222 28/204/222 228/197/222
f 222/205/223 208/206/223 32/207/223
f 223/208/224 306/209/224 222/205/224
f 224/210/225 307/211/225 223/208/225
f 225/212/226 309/213/226 224/210/226
f 226/214/227 312/215/227 225/212/227
f 227/216/228 316/217/228 226/214/228
f 228/71/229 321/218/229 227/216/229
f 222/205/230 306/209/230 208/206/230
f 306/209/231 209/219/231 208/206/231
f 223/208/232 307/211/232 306/209/232
f 307/211/233 308/220/233 306/209/233
f 306/209/234 308/220/234 209/219/234
f 308/220/235 210/221/235 209/219/235
f 224/210/236 309/213/236 307/211/236
f 309/213/237 310/222/237 307/211/237
f 307/211/238 310/222/238 308/220/238
f 310/222/239 311/223/239 308/220/239
f 308/220/240 311/223/240 210/221/240
f 311/223/241 211/224/241 210/221/241
f 225/212/242 312/215/242 309/213/242
f 312/215/243 313/225/243 309/213/243
f 309/213/244 313/225/244 310/222/244
f 313/225/245 314/226/245 310/222/245
f 310/222/246 314/226/246 311/223/246
f 314/226/247 315/227/247 311/223/247
f 311/223/248 315/227/248 211/224/248
f 315/227/249 212/228/249 211/224/249
f 226/214/250 316/217/250 312/215/250
f 316/217/251 317/229/251 312/215/251
f 312/215/252 317/229/252 313/225/252
f 317/229/253 318/230/253 313/225/253
f 313/225/254 318/230/254 314/226/254
f 318/230/255 319/231/255 314/226/255
f 314/226/256 319/231/256 315/227/256
f 319/231/257 320/232/257 315/227/257
f 315/227/258 320/232/258 212/228/258
f 320/232/259 213/233/259 212/228/259
f 227/216/260 321/218/260 316/217/260
f 321/218/261 322/234/261 316/217/261
f 316/217/262 322/234/262 317/229/262
f 322/234/263 323/235/263 317/229/263
f 317/229/264 323/235/264 318/230/264
f 323/235/265 324/236/265 318/230/265
f 318/230/266 324/236/266 319/231/266
f 324/236/267 325/237/267 319/231/267
f 319/231/268 325/237/268 320/232/268
f 325/237/269 326/238/269 320/232/269
f 320/232/270 326/238/270 213/233/270
f 326/238/271 214/239/271 213/233/271
f 228/71/272 186/70/272 321/218/272
f 186/70/273 185/240/273 321/218/273
f 321/218/274 185/240/274 322/234/274
f 185/240/275 184/241/275 322/234/275
f 322/234/276 184/241/276 323/235/276
f 184/241/277 183/242/277 323/235/277
f 323/235/278 183/242/278 324/236/278
f 183/242/279 182/243/279 324/236/279
f 324/236/280 182/243/280 325/237/280
f 182/243/281 181/244/281 325/237/281
f 325/237/282 181/244/282 326/238/282
f 181/244/283 180/245/283 326/238/283
f 326/238/284 180/245/284 214/239/284
f 180/245/285 27/66/285 214/239/285
f 208/246/286 221/247/286 32/248/286
f 209/249/287 327/250/287 208/246/287
f 210/251/288 328/252/288 209/249/288
f 211/253/289 330/254/289 210/251/289
f 212/255/290 333/256/290 211/253/290
f 213/257/291 337/258/291 212/255/291
f 214/68/292 342/259/292 213/257/292
f 208/246/293 327/250/293 221/247/293
f 327/250/294 220/260/294 221/247/294
f 209/249/295 328/252/295 327/250/295
f 328/252/296 329/261/296 327/250/296
f 327/250/297 329/261/297 220/260/297
f 329/261/298 219/262/298 220/260/298
f 210/251/299 330/254/299 328/252/299
f 330/254/300 331/263/300 328/252/300
f 328/252/301 331/263/301 329/261/301
f 331/263/302 332/264/302 329/261/302
f 329/261/303 332/264/303 219/262/303
f 332/264/304 218/265/304 219/262/304
f 211/253/305 333/256/305 330/254/305
f 333/256/306 334/266/306 330/254/306
f 330/254/307 334/266/307 331/263/307
f 334/266/308 335/267/308 331/263/308
f 331/263/309 335/267/309 332/264/309
f 335/267/310 336/268/310 332/264/310
f 332/264/311 336/268/311 218/265/311
f 336/268/312 217/269/312 218/265/312
f 212/255/313 337/258/313 333/256/313
f 337/258/314 338/270/314 333/256/314
f 333/256/315 338/270/315 334/266/315
f 338/270/316 339/271/316 334/266/316
f 334/266/317 339/271/317 335/267/317
f 339/271/318 340/272/318 335/267/318
f 335/267/319 340/272/319 336/268/319
f 340/272/320 341/273/320 336/268/320
f 336/268/321 341/273/321 217/269/321
f 341/273/322 216/274/322 217/269/322
f 213/257/323 342/259/323 337/258/323
f 342/259/324 343/275/324 337/258/324
f 337/258/325 343/275/325 338/270/325
f 343/275/326 344/276/326 338/270/326
f 338/270/327 344/276/327 339/271/327
f 344/276/328 345/277/328 339/271/328
f 339/271/329 345/277/329 340/272/329
f 345/277/330 346/278/330 340/272/330
f 340/272/331 346/278/331 341/273/331
f 346/278/332 347/279/332 341/273/332
f 341/273/333 347/279/333 216/274/333
f 347/279/334 215/280/334 216/274/334
f 214/68/335 179/67/335 342/259/335
f 179/67/336 178/281/336 342/259/336
f 342/259/337 178/281/337 343/275/337
f 178/281/338 177/282/338 343/275/338
f 343/275/339 177/282/339 344/276/339
f 177/282/340 176/283/340 344/276/340
f 344/276/341 176/283/341 345/277/341
f 176/283/342 175/284/342 345/277/342
f 345/277/343 175/284/343 346/278/343
f 175/284/344 174/285/344 346/278/344
f 346/278/345 174/285/345 347/279/345
f 174/285/346 173/286/346 347/279/346
f 347/279/347 173/286/347 215/280/347
f 173/286/348 31/78/348 215/280/348
f 116/287/349 207/79/349 31/78/349
f 115/288/350 348/289/350 116/287/350
f 114/290/351 349/291/351 115/288/351
f 113/292/352 351/293/352 114/290/352
f 112/294/353 354/295/353 113/292/353
f 111/296/354 358/297/354 112/294/354
f 110/65/355 363/298/355 111/296/355
f 116/287/356 348/289/356 207/79/356
f 348/289/357 206/116/357 207/79/357
f 115/288/358 349/291/358 348/289/358
f 349/291/359 350/299/359 348/289/359
f 348/289/360 350/299/360 206/116/360
f 350/299/361 205/117/361 206/116/361
f 114/290/362 351/293/362 349/291/362
f 351/293/363 352/300/363 349/291/363
f 349/291/364 352/300/364 350/299/364
f 352/300/365 353/301/365 350/299/365
f 350/299/366 353/301/366 205/117/366
f 353/301/367 204/118/367 205/117/367
f 113/292/368 354/295/368 351/293/368
f 354/295/369 355/302/369 351/293/369
f 351/293/370 355/302/370 352/300/370
f 355/302/371 356/303/371 352/300/371
f 352/300/372 356/303/372 353/301/372
f 356/303/373 357/304/373 353/301/373
f 353/301/374 357/304/374 204/118/374
f 357/304/375 203/119/375 204/118/375
f 112/294/376 358/297/376 354/295/376
f 358/297/377 359/305/377 354/295/377
f 354/295/378 359/305/378 355/302/378
f 359/305/379 360/306/379 355/302/379
f 355/302/380 360/306/380 356/303/380
f 360/306/381 361/307/381 356/303/381
f 356/303/382 361/307/382 357/304/382
f 361/307/383 362/308/383 357/304/383
f 357/304/384 362/308/384 203/119/384
f 362/308/385 202/120/385 203/119/385
f 111/296/386 363/298/386 358/297/386
f 363/298/387 364/309/387 358/297/387
f 358/297/388 364/309/388 359/305/388
f 364/309/389 365/310/389 359/305/389
f 359/305/390 365/310/390 360/306/390
f 365/310/391 366/311/391 360/306/391
f 360/306/392 366/311/392 361/307/392
f 366/311/393 367/312/393 361/307/393
f 361/307/394 367/312/394 362/308/394
f 367/312/395 368/313/395 362/308/395
f 362/308/396 368/313/396 202/120/396
f 368/313/397 201/121/397 202/120/397
f 110/65/398 165/60/398 363/298/398
f 165/60/399 164/314/399 363/298/399
f 363/298/400 164/314/400 364/309/400
f 164/314/401 163/315/401 364/309/401
f 364/309/402 163/315/402 365/310/402
f 163/315/403 162/316/403 365/310/403
f 365/310/404 162/316/404 366/311/404
f 162/316/405 161/317/405 366/311/405
f 366/311/406 161/317/406 367/312/406
f 161/317/407 160/318/407 367/312/407
f 367/312/408 160/318/408 368/313/408
f 160/318/409 159/319/409 368/313/409
f 368/313/410 159/319/410 201/121/410
f 159/319/411 30/75/411 201/121/411
f 172/320/412 200/76/412 30/75/412
f 171/321/413 369/322/413 172/320/413
f 170/323/414 370/324/414 171/321/414
f 169/325/415 372/326/415 170/323/415
f 168/327/416 375/328/416 169/325/416
f 167/329/417 379/330/417 168/327/417
f 166/64/418 384/331/418 167/329/418
f 172/320/419 369/322/419 200/76/419
f 369/322/420 199/157/420 200/76/420
f 171/321/421 370/324/421 369/322/421
f 370/324/422 371/332/422 369/322/422
f 369/322/423 371/332/423 199/157/423
f 371/332/424 198/158/424 199/157/424
f 170/323/425 372/326/425 370/324/425
f 372/326/426 373/333/426 370/324/426
f 370/324/427 373/333/427 371/332/427
f 373/333/428 374/334/428 371/332/428
f 371/332/429 374/334/429 198/158/429
f 374/334/430 197/159/430 198/158/430
f 169/325/431 375/328/431 372/326/431
f 375/328/432 376/335/432 372/326/432
f 372/326/433 376/335/433 373/333/433
f 376/335/434 377/336/434 373/333/434
f 373/333/435 377/336/435 374/334/435
f 377/336/436 378/337/436 374/334/436
f 374/334/437 378/337/437 197/159/437
f 378/337/438 196/160/438 197/159/438
f 168/327/439 379/330/439 375/328/439
f 379/330/440 380/338/440 375/328/440
f 375/328/441 380/338/441 376/335/441
f 380/338/442 381/339/442 376/335/442
f 376/335/443 381/339/443 377/336/443
f 381/339/444 382/340/444 377/336/444
f 377/336/445 382/340/445 378/337/445
f 382/340/446 383/341/446 378/337/446
f 378/337/447 383/341/447 196/160/447
f 383/341/448 195/161/448 196/160/448
f 167/329/449 384/331/449 379/330/449
f 384/331/450 385/342/450 379/330/450
f 379/330/451 385/342/451 380/338/451
f 385/342/452 386/343/452 380/338/452
f 380/338/453 386/343/453 381/339/453
f 386/343/454 387/344/454 381/339/454
f 381/339/455 387/344/455 382/340/455
f 387/344/456 388/345/456 382/340/456
f 382/340/457 388/345/457 383/341/457
f 388/345/458 389/346/458 383/341/458
f 383/341/459 389/346/459 195/161/459
f 389/346/460 194/162/460 195/161/460
f 166/64/461 151/57/461 384/331/461
f 151/57/462 150/347/462 384/331/462
f 384/331/463 150/347/463 385/342/463
f 150/347/464 149/348/464 385/342/464
f 385/342/465 149/348/465 386/343/465
f 149/348/466 148/349/466 386/343/466
f 386/343/467 148/349/467 387/344/467
f 148/349/468 147/350/468 387/344/468
f 387/344/469 147/350/469 388/345/469
f 147/350/470 146/351/470 388/345/470
f 388/345/471 146/351/471 389/346/471
f 146/351/472 145/352/472 389/346/472
f 389/346/473 145/352/473 194/162/473
f 145/352/474 29/72/474 194/162/474
f 158/353/475 193/73/475 29/72/475
f 157/354/476 390/355/476 158/353/476
f 156/356/477 391/357/477 157/354/477
f 155/358/478 393/359/478 156/356/478
f 154/360/479 396/361/479 155/358/479
f 153/362/480 400/363/480 154/360/480
f 152/63/481 405/364/481 153/362/481
f 158/353/482 390/355/482 193/73/482
f 390/355/483 192/198/483 193/73/483
f 157/354/484 391/357/484 390/355/484
f 391/357/485 392/365/485 390/355/485
f 390/355/486 392/365/486 192/198/486
f 392/365/487 191/199/487 192/198/487
f 156/356/488 393/359/488 391/357/488
f 393/359/489 394/366/489 391/357/489
f 391/357/490 394/366/490 392/365/490
f 394/366/491 395/367/491 392/365/491
f 392/365/492 395/367/492 191/199/492
f 395/367/493 190/200/493 191/199/493
f 155/358/494 396/361/494 393/359/494
f 396/361/495 397/368/495 393/359/495
f 393/359/496 397/368/496 394/366/496
f 397/368/497 398/369/497 394/366/497
f 394/366/498 398/369/498 395/367/498
f 398/369/499 399/370/499 395/367/499
f 395/367/500 399/370/500 190/200/500
f 399/370/501 189/201/501 190/200/501
f 154/360/502 400/363/502 396/361/502
f 400/363/503 401/371/503 396/361/503
f 396/361/504 401/371/504 397/368/504
f 401/371/505 402/372/505 397/368/505
f 397/368/506 402/372/506 398/369/506
f 402/372/507 403/373/507 398/369/507
f 398/369/508 403/373/508 399/370/508
f 403/373/509 404/374/509 399/370/509
f 399/370/510 404/374/510 189/201/510
f 404/374/511 188/202/511 189/201/511
f 153/362/512 405/364/512 400/363/512
f 405/364/513 406/375/513 400/363/513
f 400/363/514 406/375/514 401/371/514
f 406/375/515 407/376/515 401/371/515
f 401/371/516 407/376/516 402/372/516
f 407/376/517 408/377/517 402/372/517
f 402/372/518 408/377/518 403/373/518
f 408/377/519 409/378/519 403/373/519
f 403/373/520 409/378/520 404/374/520
f 409/378/521 410/379/521 404/374/521
f 404/374/522 410/379/522 188/202/522
f 410/379/523 187/203/523 188/202/523
f 152/63/524 137/54/524 405/364/524
f 137/54/525 136/380/525 405/364/525
f 405/364/526 136/380/526 406/375/526
f 136/380/527 135/381/527 406/375/527
f 406/375/528 135/381/528 407/376/528
f 135/381/529 134/382/529 407/376/529
f 407/376/530 134/382/530 408/377/530
f 134/382/531 133/383/531 408/377/531
f 408/377/532 133/383/532 409/378/532
f 133/383/533 132/384/533 409/378/533
f 409/378/534 132/384/534 410/379/534
f 132/384/535 131/385/535 410/379/535
f 410/379/536 131/385/536 187/203/536
f 131/385/537 28/204/537 187/203/537
f 144/386/538 186/70/538 28/69/538
f 143/387/539 411/388/539 144/386/539
f 142/389/540 412/390/540 143/387/540
f 141/391/541 414/392/541 142/389/541
f 140/393/542 417/394/542 141/391/542
f 139/395/543 421/396/543 140/393/543
f 138/62/544 426/397/544 139/395/544
f 144/386/545 411/388/545 186/70/545
f 411/388/546 185/240/546 186/70/546
f 143/387/547 412/390/547 411/388/547
f 412/390/548 413/398/548 411/388/548
f 411/388/549 413/398/549 185/240/549
f 413/398/550 184/241/550 185/240/550
f 142/389/551 414/392/551 412/390/551
f 414/392/552 415/399/552 412/390/552
f 412/390/553 415/399/553 413/398/553
f 415/399/554 416/400/554 413/398/554
f 413/398/555 416/400/555 184/241/555
f 416/400/556 183/242/556 184/241/556
f 141/391/557 417/394/557 414/392/557
f 417/394/558 418/401/558 414/392/558
f 414/392/559 418/401/559 415/399/559
f 418/401/560 419/402/560 415/399/560
f 415/399/561 419/402/561 416/400/561
f 419/402/562 420/403/562 416/400/562
f 416/400/563 420/403/563 183/242/563
f 420/403/564 182/243/564 183/242/564
f 140/393/565 421/396/565 417/394/565
f 421/396/566 422/404/566 417/394/566
f 417/394/567 422/404/567 418/401/567
f 422/404/568 423/405/568 418/401/568
f 418/401/569 423/405/569 419/402/569
f 423/405/570 424/406/570 419/402/570
f 419/402/571 424/406/571 420/403/571
f 424/406/572 425/407/572 420/403/572
f 420/403/573 425/407/573 182/243/573
f 425/407/574 181/244/574 182/243/574
f 139/395/575 426/397/575 421/396/575
f 426/397/576 427/408/576 421/396/576
f 421/396/577 427/408/577 422/404/577
f 427/408/578 428/409/578 422/404/578
f 422/404/579 428/409/579 423/405/579
f 428/409/580 429/410/580 423/405/580
f 423/405/581 429/410/581 424/406/581
f 429/410/582 430/411/582 424/406/582
f 424/406/583 430/411/583 425/407/583
f 430/411/584 431/412/584 425/407/584
f 425/407/585 431/412/585 181/244/585
f 431/412/586 180/245/586 181/244/586
f 138/62/587 123/51/587 426/397/587
f 123/51/588 122/413/588 426/397/588
f 426/397/589 122/413/589 427/408/589
f 122/413/590 121/414/590 427/408/590
f 427/408/591 121/414/591 428/409/591
f 121/414/592 120/415/592 428/409/592
f 428/409/593 120/415/593 429/410/593
f 120/415/594 119/416/594 429/410/594
f 429/410/595 119/416/595 430/411/595
f 119/416/596 118/417/596 430/411/596
f 430/411/597 118/417/597 431/412/597
f 118/417/598 117/418/598 431/412/598
f 431/412/599 117/418/599 180/245/599
f 117/418/600 27/66/600 180/245/600
f 130/419/601 179/67/601 27/66/601
f 129/420/602 432/421/602 130/419/602
f 128/422/603 433/423/603 129/420/603
f 127/424/604 435/425/604 128/422/604
f 126/426/605 438/427/605 127/424/605
f 125/428/606 442/429/606 126/426/606
f 124/61/607 447/430/607 125/428/607
f 130/419/608 432/421/608 179/67/608
f 432/421/609 178/281/609 179/67/609
f 129/420/610 433/423/610 432/421/610
f 433/423/611 434/431/611 432/421/611
f 432/421/612 434/431/612 178/281/612
f 434/431/613 177/282/613 178/281/613
f 128/422/614 435/425/614 433/423/614
f 435/425/615 436/432/615 433/423/615
f 433/423/616 436/432/616 434/431/616
f 436/432/617 437/433/617 434/431/617
f 434/431/618 437/433/618 177/282/618
f 437/433/619 176/283/619 177/282/619
f 127/424/620 438/427/620 435/425/620
f 438/427/621 439/434/621 435/425/621
f 435/425/622 439/434/622 436/432/622
f 439/434/623 440/435/623 436/432/623
f 436/432/624 440/435/624 437/433/624
f 440/435/625 441/436/625 437/433/625
f 437/433/626 441/436/626 176/283/626
f 441/436/627 175/284/627 176/283/627
f 126/426/628 442/429/628 438/427/628
f 442/429/629 443/437/629 438/427/629
f 438/427/630 443/437/630 439/434/630
f 443/437/631 444/438/631 439/434/631
f 439/434/632 444/438/632 440/435/632
f 444/438/633 445/439/633 440/435/633
f 440/435/634 445/439/634 441/436/634
f 445/439/635 446/440/635 441/436/635
f 441/436/636 446/440/636 175/284/636
f 446/440/637 174/285/637 175/284/637
f 125/428/638 447/430/638 442/429/638
f 447/430/639 448/441/639 442/429/639
f 442/429/640 448/441/640 443/437/640
f 448/441/641 449/442/641 443/437/641
f 443/437/642 449/442/642 444/438/642
f 449/442/643 450/443/643 444/438/643
f 444/438/644 450/443/644 445/439/644
f 450/443/645 451/444/645 445/439/645
f 445/439/646 451/444/646 446/440/646
f 451/444/647 452/445/647 446/440/647
f 446/440/648 452/445/648 174/285/648
f 452/445/649 173/286/649 174/285/649
f 124/61/650 109/48/650 447/430/650
f 109/48/651 108/446/651 447/430/651
f 447/430/652 108/446/652 448/441/652
f 108/446/653 107/447/653 448/441/653
f 448/441/654 107/447/654 449/442/654
f 107/447/655 106/448/655 449/442/655
f 449/442/656 106/448/656 450/443/656
f 106/448/657 105/449/657 450/443/657
f 450/443/658 105/449/658 451/444/658
f 105/449/659 104/450/659 451/444/659
f 451/444/660 104/450/660 452/445/660
f 104/450/661 103/451/661 452/445/661
f 452/445/662 103/451/662 173/286/662
f 103/451/663 31/78/663 173/286/663
f 159/319/664 172/320/664 30/75/664
f 160/318/665 453/452/665 159/319/665
f 161/317/666 454/453/666 160/318/666
f 162/316/667 456/454/667 161/317/667
f 163/315/668 459/455/668 162/316/668
f 164/314/669 463/456/669 163/315/669
f 165/60/670 468/457/670 164/314/670
f 159/319/671 453/452/671 172/320/671
f 453/452/672 171/321/672 172/320/672
f 160/318/673 454/453/673 453/452/673
f 454/453/674 455/458/674 453/452/674
f 453/452/675 455/458/675 171/321/675
f 455/458/676 170/323/676 171/321/676
f 161/317/677 456/454/677 454/453/677
f 456/454/678 457/459/678 454/453/678
f 454/453/679 457/459/679 455/458/679
f 457/459/680 458/460/680 455/458/680
f 455/458/681 458/460/681 170/323/681
f 458/460/682 169/325/682 170/323/682
f 162/316/683 459/455/683 456/454/683
f 459/455/684 460/461/684 456/454/684
f 456/454/685 460/461/685 457/459/685
f 460/461/686 461/462/686 457/459/686
f 457/459/687 461/462/687 458/460/687
f 461/462/688 462/463/688 458/460/688
f 458/460/689 462/463/689 169/325/689
f 462/463/690 168/327/690 169/325/690
f 163/315/691 463/456/691 459/455/691
f 463/456/692 464/464/692 459/455/692
f 459/455/693 464/464/693 460/461/693
f 464/464/694 465/465/694 460/461/694
f 460/461/695 465/465/695 461/462/695
f 465/465/696 466/466/696 461/462/696
f 461/462/697 466/466/697 462/463/697
f 466/466/698 467/467/698 462/463/698
f 462/463/699 467/467/699 168/327/699
f 467/467/700 167/329/700 168/327/700
f 164/314/701 468/457/701 463/456/701
f 468/457/702 469/468/702 463/456/702
f 463/456/703 469/468/703 464/464/703
f 469/468/704 470/469/704 464/464/704
f 464/464/705 470/469/705 465/465/705
f 470/469/706 471/470/706 465/465/706
f 465/465/707 471/470/707 466/466/707
f 471/470/708 472/471/708 466/466/708
f 466/466/709 472/471/709 467/467/709
f 472/471/710 473/472/710 467/467/710
f 467/467/711 473/472/711 167/329/711
f 473/472/712 166/64/712 167/329/712
f 165/60/713 102/59/713 468/457/713
f 102/59/714 101/473/714 468/457/714
f 468/457/715 101/473/715 469/468/715
f 101/473/716 100/474/716 469/468/716
f 469/468/717 100/474/717 470/469/717
f 100/474/718 99/475/718 470/469/718
f 470/469/719 99/475/719 471/470/719
f 99/475/720 98/476/720 471/470/720
f 471/470/721 98/476/721 472/471/721
f 98/476/722 97/477/722 472/471/722
f 472/471/723 97/477/723 473/472/723
f 97/477/724 96/478/724 473/472/724
f 473/472/725 96/478/725 166/64/725
f 96/478/726 25/55/726 166/64/726
f 145/352/727 158/353/727 29/72/727
f 146/351/728 474/479/728 145/352/728
f 147/350/729 475/480/729 146/351/729
f 148/349/730 477/481/730 147/350/730
f 149/348/731 480/482/731 148/349/731
f 150/347/732 484/483/732 149/348/732
f 151/57/733 489/484/733 150/347/733
f 145/352/734 474/479/734 158/353/734
f 474/479/735 157/354/735 158/353/735
f 146/351/736 475/480/736 474/479/736
f 475/480/737 476/485/737 474/479/737
f 474/479/738 476/485/738 157/354/738
f 476/485/739 156/356/739 157/354/739
f 147/350/740 477/481/740 475/480/740
f 477/481/741 478/486/741 475/480/741
f 475/480/742 478/486/742 476/485/742
f 478/486/743 479/487/743 476/485/743
f 476/485/744 479/487/744 156/356/744
f 479/487/745 155/358/745 156/356/745
f 148/349/746 480/482/746 477/481/746
f 480/482/747 481/488/747 477/481/747
f 477/481/748 481/488/748 478/486/748
f 481/488/749 482/489/749 478/486/749
f 478/486/750 482/489/750 479/487/750
f 482/489/751 483/490/751 479/487/751
f 479/487/752 483/490/752 155/358/752
f 483/490/753 154/360/753 155/358/753
f 149/348/754 484/483/754 480/482/754
f 484/483/755 485/491/755 480/482/755
f 480/482/756 485/491/756 481/488/756
f 485/491/757 486/492/757 481/488/757
f 481/488/758 486/492/758 482/489/758
f 486/492/759 487/493/759 482/489/759
f 482/489/760 487/493/760 483/490/760
f 487/493/761 488/494/761 483/490/761
f 483/490/762 488/494/762 154/360/762
f 488/494/763 153/362/763 154/360/763
f 150/347/764 489/484/764 484/483/764
f 489/484/765 490/495/765 484/483/765
f 484/483/766 490/495/766 485/491/766
f 490/495/767 491/496/767 485/491/767
f 485/491/768 491/496/768 486/492/768
f 491/496/769 492/497/769 486/492/769
f 486/492/770 492/497/770 487/493/770
f 492/497/771 493/498/771 487/493/771
f 487/493/772 493/498/772 488/494/772
f 493/498/773 494/499/773 488/494/773
f 488/494/774 494/499/774 153/362/774
f 494/499/775 152/63/775 153/362/775
f 151/57/776 95/56/776 489/484/776
f 95/56/777 94/500/777 489/484/777
f 489/484/778 94/500/778 490/495/778
f 94/500/779 93/501/779 490/495/779
f 490/495/780 93/501/780 491/496/780
f 93/501/781 92/502/781 491/496/781
f 491/496/782 92/502/782 492/497/782
f 92/502/783 91/503/783 492/497/783
f 492/497/784 91/503/784 493/498/784
f 91/503/785 90/504/785 493/498/785
f 493/498/786 90/504/786 494/499/786
f 90/504/787 89/505/787 494/499/787
f 494/499/788 89/505/788 152/63/788
f 89/505/789 24/52/789 152/63/789
f 131/385/790 144/506/790 28/204/790
f 132/384/791 495/507/791 131/385/791
f 133/383/792 496/508/792 132/384/792
f 134/382/793 498/509/793 133/383/793
f 135/381/794 501/510/794 134/382/794
f 136/380/795 505/511/795 135/381/795
f 137/54/796 510/512/796 136/380/796
f 131/385/797 495/507/797 144/506/797
f 495/507/798 143/513/798 144/506/798
f 132/384/799 496/508/799 495/507/799
f 496/508/800 497/514/800 495/507/800
f 495/507/801 497/514/801 143/513/801
f 497/514/802 142/515/802 143/513/802
f 133/383/803 498/509/803 496/508/803
f 498/509/804 499/516/804 496/508/804
f 496/508/805 499/516/805 497/514/805
f 499/516/806 500/517/806 497/514/806
f 497/514/807 500/517/807 142/515/807
f 500/517/808 141/518/808 142/515/808
f 134/382/809 501/510/809 498/509/809
f 501/510/810 502/519/810 498/509/810
f 498/509/811 502/519/811 499/516/811
f 502/519/812 503/520/812 499/516/812
f 499/516/813 503/520/813 500/517/813
f 503/520/814 504/521/814 500/517/814
f 500/517/815 504/521/815 141/518/815
f 504/521/816 140/522/816 141/518/816
f 135/381/817 505/511/817 501/510/817
f 505/511/818 506/523/818 501/510/818
f 501/510/819 506/523/819 502/519/819
f 506/523/820 507/524/820 502/519/820
f 502/519/821 507/524/821 503/520/821
f 507/524/822 508/525/822 503/520/822
f 503/520/823 508/525/823 504/521/823
f 508/525/824 509/526/824 504/521/824
f 504/521/825 509/526/825 140/522/825
f 509/526/826 139/527/826 140/522/826
f 136/380/827 510/512/827 505/511/827
f 510/512/828 511/528/828 505/511/828
f 505/511/829 511/528/829 506/523/829
f 511/528/830 512/529/830 506/523/830
f 506/523/831 512/529/831 507/524/831
f 512/529/832 513/530/832 507/524/832
f 507/524/833 513/530/833 508/525/833
f 513/530/834 514/531/834 508/525/834
f 508/525/835 514/531/835 509/526/835
f 514/531/836 515/532/836 509/526/836
f 509/526/837 515/532/837 139/527/837
f 515/532/838 138/533/838 139/527/838
f 137/54/839 81/53/839 510/512/839
f 81/53/840 80/534/840 510/512/840
f 510/512/841 80/534/841 511/528/841
f 80/534/842 79/535/842 511/528/842
f 511/528/843 79/535/843 512/529/843
f 79/535/844 78/536/844 512/529/844
f 512/529/845 78/536/845 513/530/845
f 78/536/846 77/537/846 513/530/846
f 513/530/847 77/537/847 514/531/847
f 77/537/848 76/538/848 514/531/848
f 514/531/849 76/538/849 515/532/849
f 76/538/850 75/539/850 515/532/850
f 515/532/851 75/539/851 138/533/851
f 75/539/852 23/540/852 138/533/852
f 117/418/853 130/419/853 27/66/853
f 118/417/854 516/541/854 117/418/854
f 119/416/855 517/542/855 118/417/855
f 120/415/856 519/543/856 119/416/856
f 121/414/857 522/544/857 120/415/857
f 122/413/858 526/545/858 121/414/858
f 123/51/859 531/546/859 122/413/859
f 117/418/860 516/541/860 130/419/860
f 516/541/861 129/420/861 130/419/861
f 118/417/862 517/542/862 516/541/862
f 517/542/863 518/547/863 516/541/863
f 516/541/864 518/547/864 129/420/864
f 518/547/865 128/422/865 129/420/865
f 119/416/866 519/543/866 517/542/866
f 519/543/867 520/548/867 517/542/867
f 517/542/868 520/548/868 518/547/868
f 520/548/869 521/549/869 518/547/869
f 518/547/870 521/549/870 128/422/870
f 521/549/871 127/424/871 128/422/871
f 120/415/872 522/544/872 519/543/872
f 522/544/873 523/550/873 519/543/873
f 519/543/874 523/550/874 520/548/874
f 523/550/875 524/551/875 520/548/875
f 520/548/876 524/551/876 521/549/876
f 524/551/877 525/552/877 521/549/877
f 521/549/878 525/552/878 127/424/878
f 525/552/879 126/426/879 127/424/879
f 121/414/880 526/545/880 522/544/880
f 526/545/881 527/553/881 522/544/881
f 522/544/882 527/553/882 523/550/882
f 527/553/883 528/554/883 523/550/883
f 523/550/884 528/554/884 524/551/884
f 528/554/885 529/555/885 524/551/885
f 524/551/886 529/555/886 525/552/886
f 529/555/887 530/556/887 525/552/887
f 525/552/888 530/556/888 126/426/888
f 530/556/889 125/428/889 126/426/889
f 122/413/890 531/546/890 526/545/890
f 531/546/891 532/557/891 526/545/891
f 526/545/892 532/557/892 527/553/892
f 532/557/893 533/558/893 527/553/893
f 527/553/894 533/558/894 528/554/894
f 533/558/895 534/559/895 528/554/895
f 528/554/896 534/559/896 529/555/896
f 534/559/897 535/560/897 529/555/897
f 529/555/898 535/560/898 530/556/898
f 535/560/899 536/561/899 530/556/899
f 530/556/900 536/561/900 125/428/900
f 536/561/901 124/61/901 125/428/901
f 123/51/902 53/50/902 531/546/902
f 53/50/903 52/562/903 531/546/903
f 531/546/904 52/562/904 532/557/904
f 52/562/905 51/563/905 532/557/905
f 532/557/906 51/563/906 533/558/906
f 51/563/907 50/564/907 533/558/907
f 533/558/908 50/564/908 534/559/908
f 50/564/909 49/565/909 534/559/909
f 534/559/910 49/565/910 535/560/910
f 49/565/911 48/566/911 535/560/911
f 535/560/912 48/566/912 536/561/912
f 48/566/913 47/567/913 536/561/913
f 536/561/914 47/567/914 124/61/914
f 47/567/915 22/36/915 124/61/915
f 103/451/916 116/287/916 31/78/916
f 104/450/917 537/568/917 103/451/917
f 105/449/918 538/569/918 104/450/918
f 106/448/919 540/570/919 105/449/919
f 107/447/920 543/571/920 106/448/920
f 108/446/921 547/572/921 107/447/921
f 109/48/922 552/573/922 108/446/922
f 103/451/923 537/568/923 116/287/923
f 537/568/924 115/288/924 116/287/924
f 104/450/925 538/569/925 537/568/925
f 538/569/926 539/574/926 537/568/926
f 537/568/927 539/574/927 115/288/927
f 539/574/928 114/290/928 115/288/928
f 105/449/929 540/570/929 538/569/929
f 540/570/930 541/575/930 538/569/930
f 538/569/931 541/575/931 539/574/931
f 541/575/932 542/576/932 539/574/932
f 539/574/933 542/576/933 114/290/933
f 542/576/934 113/292/934 114/290/934
f 106/448/935 543/571/935 540/570/935
f 543/571/936 544/577/936 540/570/936
f 540/570/937 544/577/937 541/575/937
f 544/577/938 545/578/938 541/575/938
f 541/575/939 545/578/939 542/576/939
f 545/578/940 546/579/940 542/576/940
f 542/576/941 546/579/941 113/292/941
f 546/579/942 112/294/942 113/292/942
f 107/447/943 547/572/943 543/571/943
f 547/572/944 548/580/944 543/571/944
f 543/571/945 548/580/945 544/577/945
f 548/580/946 549/581/946 544/577/946
f 544/577/947 549/581/947 545/578/947
f 549/581/948 550/582/948 545/578/948
f 545/578/949 550/582/949 546/579/949
f 550/582/950 551/583/950 546/579/950
f 546/579/951 551/583/951 112/294/951
f 551/583/952 111/296/952 112/294/952
f 108/446/953 552/573/953 547/572/953
f 552/573/954 553/584/954 547/572/954
f 547/572/955 553/584/955 548/580/955
f 553/584/956 554/585/956 548/580/956
f 548/580/957 554/585/957 549/581/957
f 554/585/958 555/586/958 549/581/958
f 549/581/959 555/586/959 550/582/959
f 555/586/960 556/587/960 550/582/960
f 550/582/961 556/587/961 551/583/961
f 556/587/962 557/588/962 551/583/962
f 551/583/963 557/588/963 111/296/963
f 557/588/964 110/65/964 111/296/964
f 109/48/965 60/38/965 552/573/965
f 60/38/966 59/589/966 552/573/966
f 552/573/967 59/589/967 553/584/967
f 59/589/968 58/590/968 553/584/968
f 553/584/969 58/590/969 554/585/969
f 58/590/970 57/591/970 554/585/970
f 554/585/971 57/591/971 555/586/971
f 57/591/972 56/592/972 555/586/972
f 555/586/973 56/592/973 556/587/973
f 56/592/974 55/593/974 556/587/974
f 556/587/975 55/593/975 557/588/975
f 55/593/976 54/594/976 557/588/976
f 557/588/977 54/594/977 110/65/977
f 54/594/978 26/58/978 110/65/978
f 67/595/979 102/59/979 26/58/979
f 66/596/980 558/597/980 67/595/980
f 65/598/981 559/599/981 66/596/981
f 64/600/982 561/601/982 65/598/982
f 63/602/983 564/603/983 64/600/983
f 62/604/984 568/605/984 63/602/984
f 61/47/985 573/606/985 62/604/985
f 67/595/986 558/597/986 102/59/986
f 558/597/987 101/473/987 102/59/987
f 66/596/988 559/599/988 558/597/988
f 559/599/989 560/607/989 558/597/989
f 558/597/990 560/607/990 101/473/990
f 560/607/991 100/474/991 101/473/991
f 65/598/992 561/601/992 559/599/992
f 561/601/993 562/608/993 559/599/993
f 559/599/994 562/608/994 560/607/994
f 562/608/995 563/609/995 560/607/995
f 560/607/996 563/609/996 100/474/996
f 563/609/997 99/475/997 100/474/997
f 64/600/998 564/603/998 561/601/998
f 564/603/999 565/610/999 561/601/999
f 561/601/1000 565/610/1000 562/608/1000
f 565/610/1001 566/611/1001 562/608/1001
f 562/608/1002 566/611/1002 563/609/1002
f 566/611/1003 567/612/1003 563/609/1003
f 563/609/1004 567/612/1004 99/475/1004
f 567/612/1005 98/476/1005 99/475/1005
f 63/602/1006 568/605/1006 564/603/1006
f 568/605/1007 569/613/1007 564/603/1007
f 564/603/1008 569/613/1008 565/610/1008
f 569/613/1009 570/614/1009 565/610/1009
f 565/610/1010 570/614/1010 566/611/1010
f 570/614/1011 571/615/1011 566/611/1011
f 566/611/1012 571/615/1012 567/612/1012
f 571/615/1013 572/616/1013 567/612/1013
f 567/612/1014 572/616/1014 98/476/1014
f 572/616/1015 97/477/1015 98/476/1015
f 62/604/1016 573/606/1016 568/605/1016
f 573/606/1017 574/617/1017 568/605/1017
f 568/605/1018 574/617/1018 569/613/1018
f 574/617/1019 575/618/1019 569/613/1019
f 569/613/1020 575/618/1020 570/614/1020
f 575/618/1021 576/619/1021 570/614/1021
f 570/614/1022 576/619/1022 571/615/1022
f 576/619/1023 577/620/1023 571/615/1023
f 571/615/1024 577/620/1024 572/616/1024
f 577/620/1025 578/621/1025 572/616/1025
f 572/616/1026 578/621/1026 97/477/1026
f 578/621/1027 96/478/1027 97/477/1027
f 61/47/1028 88/46/1028 573/606/1028
f 88/46/1029 87/622/1029 573/606/1029
f 573/606/1030 87/622/1030 574/617/1030
f 87/622/1031 86/623/1031 574/617/1031
f 574/617/1032 86/623/1032 575/618/1032
f 86/623/1033 85/624/1033 575/618/1033
f 575/618/1034 85/624/1034 576/619/1034
f 85/624/1035 84/625/1035 576/619/1035
f 576/619/1036 84/625/1036 577/620/1036
f 84/625/1037 83/626/1037 577/620/1037
f 577/620/1038 83/626/1038 578/621/1038
f 83/626/1039 82/627/1039 578/621/1039
f 578/621/1040 82/627/1040 96/478/1040
f 82/627/1041 25/55/1041 96/478/1041
f 82/628/1042 95/56/1042 25/55/1042
f 83/629/1043 579/630/1043 82/628/1043
f 84/631/1044 580/632/1044 83/629/1044
f 85/633/1045 582/634/1045 84/631/1045
f 86/635/1046 585/636/1046 85/633/1046
f 87/637/1047 589/638/1047 86/635/1047
f 88/44/1048 594/639/1048 87/637/1048
f 82/628/1049 579/630/1049 95/56/1049
f 579/630/1050 94/500/1050 95/56/1050
f 83/629/1051 580/632/1051 579/630/1051
f 580/632/1052 581/640/1052 579/630/1052
f 579/630/1053 581/640/1053 94/500/1053
f 581/640/1054 93/501/1054 94/500/1054
f 84/631/1055 582/634/1055 580/632/1055
f 582/634/1056 583/641/1056 580/632/1056
f 580/632/1057 583/641/1057 581/640/1057
f 583/641/1058 584/642/1058 581/640/1058
f 581/640/1059 584/642/1059 93/501/1059
f 584/642/1060 92/502/1060 93/501/1060
f 85/633/1061 585/636/1061 582/634/1061
f 585/636/1062 586/643/1062 582/634/1062
f 582/634/1063 586/643/1063 583/641/1063
f 586/643/1064 587/644/1064 583/641/1064
f 583/641/1065 587/644/1065 584/642/1065
f 587/644/1066 588/645/1066 584/642/1066
f 584/642/1067 588/645/1067 92/502/1067
f 588/645/1068 91/503/1068 92/502/1068
f 86/635/1069 589/638/1069 585/636/1069
f 589/638/1070 590/646/1070 585/636/1070
f 585/636/1071 590/646/1071 586/643/1071
f 590/646/1072 591/647/1072 586/643/1072
f 586/643/1073 591/647/1073 587/644/1073
f 591/647/1074 592/648/1074 587/644/1074
f 587/644/1075 592/648/1075 588/645/1075
f 592/648/1076 593/649/1076 588/645/1076
f 588/645/1077 593/649/1077 91/503/1077
f 593/649/1078 90/504/1078 91/503/1078
f 87/637/1079 594/639/1079 589/638/1079
f 594/639/1080 595/650/1080 589/638/1080
f 589/638/1081 595/650/1081 590/646/1081
f 595/650/1082 596/651/1082 590/646/1082
f 590/646/1083 596/651/1083 591/647/1083
f 596/651/1084 597/652/1084 591/647/1084
f 591/647/1085 597/652/1085 592/648/1085
f 597/652/1086 598/653/1086 592/648/1086
f 592/648/1087 598/653/1087 593/649/1087
f 598/653/1088 599/654/1088 593/649/1088
f 593/649/1089 599/654/1089 90/504/1089
f 599/654/1090 89/505/1090 90/504/1090
f 88/44/1091 74/43/1091 594/639/1091
f 74/43/1092 73/655/1092 594/639/1092
f 594/639/1093 73/655/1093 595/650/1093
f 73/655/1094 72/656/1094 595/650/1094
f 595/650/1095 72/656/1095 596/651/1095
f 72/656/1096 71/657/1096 596/651/1096
f 596/651/1097 71/657/1097 597/652/1097
f 71/657/1098 70/658/1098 597/652/1098
f 597/652/1099 70/658/1099 598/653/1099
f 70/658/1100 69/659/1100 598/653/1100
f 598/653/1101 69/659/1101 599/654/1101
f 69/659/1102 68/660/1102 599/654/1102
f 599/654/1103 68/660/1103 89/505/1103
f 68/660/1104 24/52/1104 89/505/1104
f 68/661/1105 81/53/1105 24/52/1105
f 69/662/1106 600/663/1106 68/661/1106
f 70/664/1107 601/665/1107 69/662/1107
f 71/666/1108 603/667/1108 70/664/1108
f 72/668/1109 606/669/1109 71/666/1109
f 73/670/1110 610/671/1110 72/668/1110
f 74/41/1111 615/672/1111 73/670/1111
f 68/661/1112 600/663/1112 81/53/1112
f 600/663/1113 80/534/1113 81/53/1113
f 69/662/1114 601/665/1114 600/663/1114
f 601/665/1115 602/673/1115 600/663/1115
f 600/663/1116 602/673/1116 80/534/1116
f 602/673/1117 79/535/1117 80/534/1117
f 70/664/1118 603/667/1118 601/665/1118
f 603/667/1119 604/674/1119 601/665/1119
f 601/665/1120 604/674/1120 602/673/1120
f 604/674/1121 605/675/1121 602/673/1121
f 602/673/1122 605/675/1122 79/535/1122
f 605/675/1123 78/536/1123 79/535/1123
f 71/666/1124 606/669/1124 603/667/1124
f 606/669/1125 607/676/1125 603/667/1125
f 603/667/1126 607/676/1126 604/674/1126
f 607/676/1127 608/677/1127 604/674/1127
f 604/674/1128 608/677/1128 605/675/1128
f 608/677/1129 609/678/1129 605/675/1129
f 605/675/1130 609/678/1130 78/536/1130
f 609/678/1131 77/537/1131 78/536/1131
f 72/668/1132 610/671/1132 606/669/1132
f 610/671/1133 611/679/1133 606/669/1133
f 606/669/1134 611/679/1134 607/676/1134
f 611/679/1135 612/680/1135 607/676/1135
f 607/676/1136 612/680/1136 608/677/1136
f 612/680/1137 613/681/1137 608/677/1137
f 608/677/1138 613/681/1138 609/678/1138
f 613/681/1139 614/682/1139 609/678/1139
f 609/678/1140 614/682/1140 77/537/1140
f 614/682/1141 76/538/1141 77/537/1141
f 73/670/1142 615/672/1142 610/671/1142
f 615/672/1143 616/683/1143 610/671/1143
f 610/671/1144 616/683/1144 611/679/1144
f 616/683/1145 617/684/1145 611/679/1145
f 611/679/1146 617/684/1146 612/680/1146
f 617/684/1147 618/685/1147 612/680/1147
f 612/680/1148 618/685/1148 613/681/1148
f 618/685/1149 619/686/1149 613/681/1149
f 613/681/1150 619/686/1150 614/682/1150
f 619/686/1151 620/687/1151 614/682/1151
f 614/682/1152 620/687/1152 76/538/1152
f 620/687/1153 75/539/1153 76/538/1153
f 74/41/1154 39/40/1154 615/672/1154
f 39/40/1155 38/688/1155 615/672/1155
f 615/672/1156 38/688/1156 616/683/1156
f 38/688/1157 37/689/1157 616/683/1157
f 616/683/1158 37/689/1158 617/684/1158
f 37/689/1159 36/690/1159 617/684/1159
f 617/684/1160 36/690/1160 618/685/1160
f 36/690/1161 35/691/1161 618/685/1161
f 618/685/1162 35/691/1162 619/686/1162
f 35/691/1163 34/692/1163 619/686/1163
f 619/686/1164 34/692/1164 620/687/1164
f 34/692/1165 33/693/1165 620/687/1165
f 620/687/1166 33/693/1166 75/539/1166
f 33/693/1167 23/540/1167 75/539/1167
f 54/594/1168 67/694/1168 26/58/1168
f 55/593/1169 621/695/1169 54/594/1169
f 56/592/1170 622/696/1170 55/593/1170
f 57/591/1171 624/697/1171 56/592/1171
f 58/590/1172 627/698/1172 57/591/1172
f 59/589/1173 631/699/1173 58/590/1173
f 60/38/1174 636/700/1174 59/589/1174
f 54/594/1175 621/695/1175 67/694/1175
f 621/695/1176 66/701/1176 67/694/1176
f 55/593/1177 622/696/1177 621/695/1177
f 622/696/1178 623/702/1178 621/695/1178
f 621/695/1179 623/702/1179 66/701/1179
f 623/702/1180 65/703/1180 66/701/1180
f 56/592/1181 624/697/1181 622/696/1181
f 624/697/1182 625/704/1182 622/696/1182
f 622/696/1183 625/704/1183 623/702/1183
f 625/704/1184 626/705/1184 623/702/1184
f 623/702/1185 626/705/1185 65/703/1185
f 626/705/1186 64/706/1186 65/703/1186
f 57/591/1187 627/698/1187 624/697/1187
f 627/698/1188 628/707/1188 624/697/1188
f 624/697/1189 628/707/1189 625/704/1189
f 628/707/1190 629/708/1190 625/704/1190
f 625/704/1191 629/708/1191 626/705/1191
f 629/708/1192 630/709/1192 626/705/1192
f 626/705/1193 630/709/1193 64/706/1193
f 630/709/1194 63/710/1194 64/706/1194
f 58/590/1195 631/699/1195 627/698/1195
f 631/699/1196 632/711/1196 627/698/1196
f 627/698/1197 632/711/1197 628/707/1197
f 632/711/1198 633/712/1198 628/707/1198
f 628/707/1199 633/712/1199 629/708/1199
f 633/712/1200 634/713/1200 629/708/1200
f 629/708/1201 634/713/1201 630/709/1201
f 634/713/1202 635/714/1202 630/709/1202
f 630/709/1203 635/714/1203 63/710/1203
f 635/714/1204 62/715/1204 63/710/1204
f 59/589/1205 636/700/1205 631/699/1205
f 636/700/1206 637/716/1206 631/699/1206
f 631/699/1207 637/716/1207 632/711/1207
f 637/716/1208 638/717/1208 632/711/1208
f 632/711/1209 638/717/1209 633/712/1209
f 638/717/1210 639/718/1210 633/712/1210
f 633/712/1211 639/718/1211 634/713/1211
f 639/718/1212 640/719/1212 634/713/1212
f 634/713/1213 640/719/1213 635/714/1213
f 640/719/1214 641/720/1214 635/714/1214
f 635/714/1215 641/720/1215 62/715/1215
f 641/720/1216 61/721/1216 62/715/1216
f 60/38/1217 46/37/1217 636/700/1217
f 46/37/1218 45/722/1218 636/700/1218
f 636/700/1219 45/722/1219 637/716/1219
f 45/722/1220 44/723/1220 637/716/1220
f 637/716/1221 44/723/1221 638/717/1221
f 44/723/1222 43/724/1222 638/717/1222
f 638/717/1223 43/724/1223 639/718/1223
f 43/724/1224 42/725/1224 639/718/1224
f 639/718/1225 42/725/1225 640/719/1225
f 42/725/1226 41/726/1226 640/719/1226
f 640/719/1227 41/726/1227 641/720/1227
f 41/726/1228 40/727/1228 641/720/1228
f 641/720/1229 40/727/1229 61/721/1229
f 40/727/1230 21/728/1230 61/721/1230
f 33/729/1231 53/50/1231 23/49/1231
f 34/730/1232 642/731/1232 33/729/1232
f 35/732/1233 643/733/1233 34/730/1233
f 36/734/1234 645/735/1234 35/732/1234
f 37/736/1235 648/737/1235 36/734/1235
f 38/738/1236 652/739/1236 37/736/1236
f 39/35/1237 657/740/1237 38/738/1237
f 33/729/1238 642/731/1238 53/50/1238
f 642/731/1239 52/562/1239 53/50/1239
f 34/730/1240 643/733/1240 642/731/1240
f 643/733/1241 644/741/1241 642/731/1241
f 642/731/1242 644/741/1242 52/562/1242
f 644/741/1243 51/563/1243 52/562/1243
f 35/732/1244 645/735/1244 643/733/1244
f 645/735/1245 646/742/1245 643/733/1245
f 643/733/1246 646/742/1246 644/741/1246
f 646/742/1247 647/743/1247 644/741/1247
f 644/741/1248 647/743/1248 51/563/1248
f 647/743/1249 50/564/1249 51/563/1249
f 36/734/1250 648/737/1250 645/735/1250
f 648/737/1251 649/744/1251 645/735/1251
f 645/735/1252 649/744/1252 646/742/1252
f 649/744/1253 650/745/1253 646/742/1253
f 646/742/1254 650/745/1254 647/743/1254
f 650/745/1255 651/746/1255 647/743/1255
f 647/743/1256 651/746/1256 50/564/1256
f 651/746/1257 49/565/1257 50/564/1257
f 37/736/1258 652/739/1258 648/737/1258
f 652/739/1259 653/747/1259 648/737/1259
f 648/737/1260 653/747/1260 649/744/1260
f 653/747/1261 654/748/1261 649/744/1261
f 649/744/1262 654/748/1262 650/745/1262
f 654/748/1263 655/749/1263 650/745/1263
f 650/745/1264 655/749/1264 651/746/1264
f 655/749/1265 656/750/1265 651/746/1265
f 651/746/1266 656/750/1266 49/565/1266
f 656/750/1267 48/566/1267 49/565/1267
f 38/738/1268 657/740/1268 652/739/1268
f 657/740/1269 658/751/1269 652/739/1269
f 652/739/1270 658/751/1270 653/747/1270
f 658/751/1271 659/752/1271 653/747/1271
f 653/747/1272 659/752/1272 654/748/1272
f 659/752/1273 660/753/1273 654/748/1273
f 654/748/1274 660/753/1274 655/749/1274
f 660/753/1275 661/754/1275 655/749/1275
f 655/749/1276 661/754/1276 656/750/1276
f 661/754/1277 662/755/1277 656/750/1277
f 656/750/1278 662/755/1278 48/566/1278
f 662/755/1279 47/567/1279 48/566/1279
f 39/35/1280 40/34/1280 657/740/1280
f 40/34/1281 41/756/1281 657/740/1281
f 657/740/1282 41/756/1282 658/751/1282
f 41/756/1283 42/757/1283 658/751/1283
f 658/751/1284 42/757/1284 659/752/1284
f 42/757/1285 43/758/1285 659/752/1285
f 659/752/1286 43/758/1286 660/753/1286
f 43/758/1287 44/759/1287 660/753/1287
f 660/753/1288 44/759/1288 661/754/1288
f 44/759/1289 45/760/1289 661/754/1289
f 661/754/1290 45/760/1290 662/755/1290
f 45/760/1291 46/761/1291 662/755/1291
f 662/755/1292 46/761/1292 47/567/1292
f 46/761/1293 22/36/1293 47/567/1293
